{"count":13,"value":[{"id":20676,"rev":3,"fields":{"System.AreaPath":"My Health Clinic2","System.TeamProject":"My Health Clinic2","System.IterationPath":"My Health Clinic2","System.WorkItemType":"Test Case","System.State":"Design","System.Reason":"New","System.CreatedDate":"2016-08-02T23:40:19.483Z","System.CreatedBy":"Alyx Damonne <alyx.damonne@outlook.com>","System.ChangedDate":"2016-08-02T23:40:20.537Z","System.ChangedBy":"Alyx Damonne <alyx.damonne@outlook.com>","System.Title":"Verify Branding","Microsoft.VSTS.Scheduling.Effort":0.0,"System.Description":null,"System.AssignedTo":"Sachin Hridayraj <sraj@microsoft.com>","Microsoft.VSTS.Scheduling.RemainingWork":0.0,"Microsoft.VSTS.Common.Priority":2.0,"System.Tags":null,"Microsoft.VSTS.TCM.Steps":"<steps id=\"0\" last=\"2\"><step id=\"1\" type=\"ActionStep\"><parameterizedString isformatted=\"true\">&lt;DIV&gt;&lt;P&gt; Go to Home Page&lt;/P&gt;&lt;/DIV&gt;</parameterizedString><parameterizedString isformatted=\"true\"></parameterizedString><description /></step><step id=\"2\" type=\"ValidateStep\"><parameterizedString isformatted=\"true\">&lt;DIV&gt;&lt;P&gt;Check the brand at the top left corner&lt;/P&gt;&lt;/DIV&gt;</parameterizedString><parameterizedString isformatted=\"true\">&lt;DIV&gt;&lt;P&gt; Brand is represented correctly&lt;/P&gt;&lt;/DIV&gt;</parameterizedString><description /></step></steps>","Microsoft.VSTS.TCM.Parameters":null,"Microsoft.VSTS.TCM.LocalDataSource":"<?xml version=\"1.0\" encoding=\"utf-16\"?>\n<NewDataSet>\n  <xs:schema id=\"NewDataSet\" xmlns=\"\" xmlns:xs=\"http://www.w3.org/2001/XMLSchema\" xmlns:msdata=\"urn:schemas-microsoft-com:xml-msdata\">\n    <xs:element name=\"NewDataSet\" msdata:IsDataSet=\"true\" msdata:Locale=\"\">\n      <xs:complexType>\n        <xs:choice minOccurs=\"0\" maxOccurs=\"unbounded\">\n          <xs:element name=\"Table1\">\n            <xs:complexType></xs:complexType>\n          </xs:element>\n        </xs:choice>\n      </xs:complexType>\n    </xs:element>\n  </xs:schema>\n</NewDataSet>","Microsoft.VSTS.TCM.AutomationStatus":"Not Automated"},"relations":null,"url":"https://vstsdemos.visualstudio.com/_apis/wit/workItems/20676"},{"id":20677,"rev":1,"fields":{"System.AreaPath":"My Health Clinic2","System.TeamProject":"My Health Clinic2","System.IterationPath":"My Health Clinic2","System.WorkItemType":"Test Case","System.State":"Design","System.Reason":"New","System.CreatedDate":"2016-08-02T23:40:20.68Z","System.CreatedBy":"Alyx Damonne <alyx.damonne@outlook.com>","System.ChangedDate":"2016-08-02T23:40:20.68Z","System.ChangedBy":"Alyx Damonne <alyx.damonne@outlook.com>","System.Title":"Verify Branding","Microsoft.VSTS.Scheduling.Effort":0.0,"System.Description":null,"System.AssignedTo":"Sachin Hridayraj <sraj@microsoft.com>","Microsoft.VSTS.Scheduling.RemainingWork":0.0,"Microsoft.VSTS.Common.Priority":2.0,"System.Tags":null,"Microsoft.VSTS.TCM.Steps":null,"Microsoft.VSTS.TCM.Parameters":null,"Microsoft.VSTS.TCM.LocalDataSource":"<?xml version=\"1.0\" encoding=\"utf-16\"?>\n<NewDataSet>\n  <xs:schema id=\"NewDataSet\" xmlns=\"\" xmlns:xs=\"http://www.w3.org/2001/XMLSchema\" xmlns:msdata=\"urn:schemas-microsoft-com:xml-msdata\">\n    <xs:element name=\"NewDataSet\" msdata:IsDataSet=\"true\" msdata:Locale=\"\">\n      <xs:complexType>\n        <xs:choice minOccurs=\"0\" maxOccurs=\"unbounded\">\n          <xs:element name=\"Table1\">\n            <xs:complexType></xs:complexType>\n          </xs:element>\n        </xs:choice>\n      </xs:complexType>\n    </xs:element>\n  </xs:schema>\n</NewDataSet>","Microsoft.VSTS.TCM.AutomationStatus":"Not Automated"},"relations":null,"url":"https://vstsdemos.visualstudio.com/_apis/wit/workItems/20677"},{"id":20678,"rev":5,"fields":{"System.AreaPath":"My Health Clinic2","System.TeamProject":"My Health Clinic2","System.IterationPath":"My Health Clinic2","System.WorkItemType":"Test Case","System.State":"Design","System.Reason":"New","System.CreatedDate":"2016-08-02T23:40:21.093Z","System.CreatedBy":"Alyx Damonne <alyx.damonne@outlook.com>","System.ChangedDate":"2016-08-02T23:40:21.92Z","System.ChangedBy":"Alyx Damonne <alyx.damonne@outlook.com>","System.Title":"Login in the backoffice","Microsoft.VSTS.Scheduling.Effort":0.0,"System.Description":null,"System.AssignedTo":"Sachin Hridayraj <sraj@microsoft.com>","Microsoft.VSTS.Scheduling.RemainingWork":0.0,"Microsoft.VSTS.Common.Priority":2.0,"System.Tags":null,"Microsoft.VSTS.TCM.Steps":"<steps id=\"0\" last=\"4\"><step id=\"1\" type=\"ActionStep\"><parameterizedString isformatted=\"true\">&lt;DIV&gt;&lt;P&gt;Go to the Home Page&lt;/P&gt;&lt;/DIV&gt;</parameterizedString><parameterizedString isformatted=\"true\"></parameterizedString><description /></step><step id=\"2\" type=\"ActionStep\"><parameterizedString isformatted=\"true\">&lt;DIV&gt;&lt;P&gt;Click on login&lt;/P&gt;&lt;/DIV&gt;</parameterizedString><parameterizedString isformatted=\"true\"></parameterizedString><description /></step><step id=\"3\" type=\"ValidateStep\"><parameterizedString isformatted=\"true\">&lt;DIV&gt;&lt;P&gt;Fill the username and password&lt;/P&gt;&lt;/DIV&gt;</parameterizedString><parameterizedString isformatted=\"true\">&lt;DIV&gt;&lt;P&gt; @Credentials&lt;/P&gt;&lt;/DIV&gt;</parameterizedString><description /></step><step id=\"4\" type=\"ValidateStep\"><parameterizedString isformatted=\"true\">&lt;DIV&gt;&lt;P&gt;Click on login&lt;/P&gt;&lt;/DIV&gt;</parameterizedString><parameterizedString isformatted=\"true\">&lt;DIV&gt;&lt;P&gt;You can access the private area&lt;/P&gt;&lt;/DIV&gt;</parameterizedString><description /></step></steps>","Microsoft.VSTS.TCM.Parameters":"<parameters><param name=\"Credentials\" bind=\"default\" /></parameters>","Microsoft.VSTS.TCM.LocalDataSource":"<?xml version=\"1.0\" encoding=\"utf-16\"?>\n<NewDataSet>\n  <xs:schema id=\"NewDataSet\" xmlns=\"\" xmlns:xs=\"http://www.w3.org/2001/XMLSchema\" xmlns:msdata=\"urn:schemas-microsoft-com:xml-msdata\">\n    <xs:element name=\"NewDataSet\" msdata:IsDataSet=\"true\" msdata:Locale=\"\">\n      <xs:complexType>\n        <xs:choice minOccurs=\"0\" maxOccurs=\"unbounded\">\n          <xs:element name=\"Table1\">\n            <xs:complexType>\n              <xs:sequence>\n                <xs:element name=\"Credentials\" type=\"xs:string\" minOccurs=\"0\" />\n              </xs:sequence>\n            </xs:complexType>\n          </xs:element>\n        </xs:choice>\n      </xs:complexType>\n    </xs:element>\n  </xs:schema>\n</NewDataSet>","Microsoft.VSTS.TCM.AutomationStatus":"Not Automated"},"relations":null,"url":"https://vstsdemos.visualstudio.com/_apis/wit/workItems/20678"},{"id":20679,"rev":3,"fields":{"System.AreaPath":"My Health Clinic2","System.TeamProject":"My Health Clinic2","System.IterationPath":"My Health Clinic2","System.WorkItemType":"Test Case","System.State":"Design","System.Reason":"New","System.CreatedDate":"2016-08-02T23:40:22.13Z","System.CreatedBy":"Alyx Damonne <alyx.damonne@outlook.com>","System.ChangedDate":"2016-08-02T23:40:22.823Z","System.ChangedBy":"Alyx Damonne <alyx.damonne@outlook.com>","System.Title":"List existing doctors","Microsoft.VSTS.Scheduling.Effort":0.0,"System.Description":null,"System.AssignedTo":"Sachin Hridayraj <sraj@microsoft.com>","Microsoft.VSTS.Scheduling.RemainingWork":0.0,"Microsoft.VSTS.Common.Priority":2.0,"System.Tags":null,"Microsoft.VSTS.TCM.Steps":"<steps id=\"0\" last=\"2\"><step id=\"1\" type=\"ActionStep\"><parameterizedString isformatted=\"true\">&lt;DIV&gt;&lt;P&gt;Login in the private area&lt;/P&gt;&lt;/DIV&gt;</parameterizedString><parameterizedString isformatted=\"true\"></parameterizedString><description /></step><step id=\"2\" type=\"ValidateStep\"><parameterizedString isformatted=\"true\">&lt;DIV&gt;&lt;P&gt;Click on doctors&lt;/P&gt;&lt;/DIV&gt;</parameterizedString><parameterizedString isformatted=\"true\">&lt;DIV&gt;&lt;P&gt;The doctor list must be shown&lt;/P&gt;&lt;/DIV&gt;</parameterizedString><description /></step></steps>","Microsoft.VSTS.TCM.Parameters":null,"Microsoft.VSTS.TCM.LocalDataSource":"<?xml version=\"1.0\" encoding=\"utf-16\"?>\n<NewDataSet>\n  <xs:schema id=\"NewDataSet\" xmlns=\"\" xmlns:xs=\"http://www.w3.org/2001/XMLSchema\" xmlns:msdata=\"urn:schemas-microsoft-com:xml-msdata\">\n    <xs:element name=\"NewDataSet\" msdata:IsDataSet=\"true\" msdata:Locale=\"\">\n      <xs:complexType>\n        <xs:choice minOccurs=\"0\" maxOccurs=\"unbounded\">\n          <xs:element name=\"Table1\">\n            <xs:complexType></xs:complexType>\n          </xs:element>\n        </xs:choice>\n      </xs:complexType>\n    </xs:element>\n  </xs:schema>\n</NewDataSet>","Microsoft.VSTS.TCM.AutomationStatus":"Not Automated"},"relations":null,"url":"https://vstsdemos.visualstudio.com/_apis/wit/workItems/20679"},{"id":20680,"rev":3,"fields":{"System.AreaPath":"My Health Clinic2","System.TeamProject":"My Health Clinic2","System.IterationPath":"My Health Clinic2","System.WorkItemType":"Test Case","System.State":"Design","System.Reason":"New","System.CreatedDate":"2016-08-02T23:40:23Z","System.CreatedBy":"Alyx Damonne <alyx.damonne@outlook.com>","System.ChangedDate":"2016-08-02T23:40:23.533Z","System.ChangedBy":"Alyx Damonne <alyx.damonne@outlook.com>","System.Title":"List existing patients","Microsoft.VSTS.Scheduling.Effort":0.0,"System.Description":null,"System.AssignedTo":"Sachin Hridayraj <sraj@microsoft.com>","Microsoft.VSTS.Scheduling.RemainingWork":0.0,"Microsoft.VSTS.Common.Priority":2.0,"System.Tags":null,"Microsoft.VSTS.TCM.Steps":"<steps id=\"0\" last=\"2\"><step id=\"1\" type=\"ActionStep\"><parameterizedString isformatted=\"true\">&lt;DIV&gt;&lt;P&gt;Go to the private area&lt;/P&gt;&lt;/DIV&gt;</parameterizedString><parameterizedString isformatted=\"true\"></parameterizedString><description /></step><step id=\"2\" type=\"ValidateStep\"><parameterizedString isformatted=\"true\">&lt;DIV&gt;&lt;P&gt;Click on Patients&lt;/P&gt;&lt;/DIV&gt;</parameterizedString><parameterizedString isformatted=\"true\">&lt;DIV&gt;&lt;P&gt;The patient list must be shown&lt;/P&gt;&lt;/DIV&gt;</parameterizedString><description /></step></steps>","Microsoft.VSTS.TCM.Parameters":null,"Microsoft.VSTS.TCM.LocalDataSource":"<?xml version=\"1.0\" encoding=\"utf-16\"?>\n<NewDataSet>\n  <xs:schema id=\"NewDataSet\" xmlns=\"\" xmlns:xs=\"http://www.w3.org/2001/XMLSchema\" xmlns:msdata=\"urn:schemas-microsoft-com:xml-msdata\">\n    <xs:element name=\"NewDataSet\" msdata:IsDataSet=\"true\" msdata:Locale=\"\">\n      <xs:complexType>\n        <xs:choice minOccurs=\"0\" maxOccurs=\"unbounded\">\n          <xs:element name=\"Table1\">\n            <xs:complexType></xs:complexType>\n          </xs:element>\n        </xs:choice>\n      </xs:complexType>\n    </xs:element>\n  </xs:schema>\n</NewDataSet>","Microsoft.VSTS.TCM.AutomationStatus":"Not Automated"},"relations":null,"url":"https://vstsdemos.visualstudio.com/_apis/wit/workItems/20680"},{"id":20681,"rev":1,"fields":{"System.AreaPath":"My Health Clinic2","System.TeamProject":"My Health Clinic2","System.IterationPath":"My Health Clinic2","System.WorkItemType":"Test Case","System.State":"Design","System.Reason":"New","System.CreatedDate":"2016-08-02T23:40:23.69Z","System.CreatedBy":"Alyx Damonne <alyx.damonne@outlook.com>","System.ChangedDate":"2016-08-02T23:40:23.69Z","System.ChangedBy":"Alyx Damonne <alyx.damonne@outlook.com>","System.Title":"View patient info","Microsoft.VSTS.Scheduling.Effort":0.0,"System.Description":null,"System.AssignedTo":"Sachin Hridayraj <sraj@microsoft.com>","Microsoft.VSTS.Scheduling.RemainingWork":0.0,"Microsoft.VSTS.Common.Priority":2.0,"System.Tags":null,"Microsoft.VSTS.TCM.Steps":null,"Microsoft.VSTS.TCM.Parameters":null,"Microsoft.VSTS.TCM.LocalDataSource":"<?xml version=\"1.0\" encoding=\"utf-16\"?>\n<NewDataSet>\n  <xs:schema id=\"NewDataSet\" xmlns=\"\" xmlns:xs=\"http://www.w3.org/2001/XMLSchema\" xmlns:msdata=\"urn:schemas-microsoft-com:xml-msdata\">\n    <xs:element name=\"NewDataSet\" msdata:IsDataSet=\"true\" msdata:Locale=\"\">\n      <xs:complexType>\n        <xs:choice minOccurs=\"0\" maxOccurs=\"unbounded\">\n          <xs:element name=\"Table1\">\n            <xs:complexType></xs:complexType>\n          </xs:element>\n        </xs:choice>\n      </xs:complexType>\n    </xs:element>\n  </xs:schema>\n</NewDataSet>","Microsoft.VSTS.TCM.AutomationStatus":"Not Automated"},"relations":null,"url":"https://vstsdemos.visualstudio.com/_apis/wit/workItems/20681"},{"id":20682,"rev":1,"fields":{"System.AreaPath":"My Health Clinic2","System.TeamProject":"My Health Clinic2","System.IterationPath":"My Health Clinic2","System.WorkItemType":"Test Case","System.State":"Design","System.Reason":"New","System.CreatedDate":"2016-08-02T23:40:24.077Z","System.CreatedBy":"Alyx Damonne <alyx.damonne@outlook.com>","System.ChangedDate":"2016-08-02T23:40:24.077Z","System.ChangedBy":"Alyx Damonne <alyx.damonne@outlook.com>","System.Title":"View doctor info","Microsoft.VSTS.Scheduling.Effort":0.0,"System.Description":null,"System.AssignedTo":"Sachin Hridayraj <sraj@microsoft.com>","Microsoft.VSTS.Scheduling.RemainingWork":0.0,"Microsoft.VSTS.Common.Priority":2.0,"System.Tags":null,"Microsoft.VSTS.TCM.Steps":null,"Microsoft.VSTS.TCM.Parameters":null,"Microsoft.VSTS.TCM.LocalDataSource":"<?xml version=\"1.0\" encoding=\"utf-16\"?>\n<NewDataSet>\n  <xs:schema id=\"NewDataSet\" xmlns=\"\" xmlns:xs=\"http://www.w3.org/2001/XMLSchema\" xmlns:msdata=\"urn:schemas-microsoft-com:xml-msdata\">\n    <xs:element name=\"NewDataSet\" msdata:IsDataSet=\"true\" msdata:Locale=\"\">\n      <xs:complexType>\n        <xs:choice minOccurs=\"0\" maxOccurs=\"unbounded\">\n          <xs:element name=\"Table1\">\n            <xs:complexType></xs:complexType>\n          </xs:element>\n        </xs:choice>\n      </xs:complexType>\n    </xs:element>\n  </xs:schema>\n</NewDataSet>","Microsoft.VSTS.TCM.AutomationStatus":"Not Automated"},"relations":null,"url":"https://vstsdemos.visualstudio.com/_apis/wit/workItems/20682"},{"id":22414,"rev":1,"fields":{"System.AreaPath":"My Health Clinic2\\Xamarin","System.TeamProject":"My Health Clinic2","System.IterationPath":"My Health Clinic2\\Sprint 3","System.WorkItemType":"Test Case","System.State":"Design","System.Reason":"New","System.CreatedDate":"2016-10-13T08:12:16.24Z","System.CreatedBy":"Sachin Raj <sachin77@outlook.com>","System.ChangedDate":"2016-10-13T08:12:16.24Z","System.ChangedBy":"Sachin Raj <sachin77@outlook.com>","System.Title":"Check Appointment Notification","Microsoft.VSTS.Scheduling.Effort":0.0,"System.Description":null,"System.AssignedTo":"Sachin Raj <sachin77@outlook.com>","Microsoft.VSTS.Scheduling.RemainingWork":0.0,"Microsoft.VSTS.Common.Priority":2.0,"System.Tags":null,"Microsoft.VSTS.TCM.Steps":null,"Microsoft.VSTS.TCM.Parameters":null,"Microsoft.VSTS.TCM.LocalDataSource":null,"Microsoft.VSTS.TCM.AutomationStatus":"Not Automated"},"relations":[{"rel":"Microsoft.VSTS.Common.TestedBy-Reverse","url":"https://vstsdemos.visualstudio.com/_apis/wit/workItems/20650","attributes":{"isLocked":"False"}}],"url":"https://vstsdemos.visualstudio.com/_apis/wit/workItems/22414"},{"id":22418,"rev":1,"fields":{"System.AreaPath":"My Health Clinic2\\Xamarin","System.TeamProject":"My Health Clinic2","System.IterationPath":"My Health Clinic2\\Sprint 3","System.WorkItemType":"Test Case","System.State":"Design","System.Reason":"New","System.CreatedDate":"2016-10-13T08:12:35.52Z","System.CreatedBy":"Sachin Raj <sachin77@outlook.com>","System.ChangedDate":"2016-10-13T08:12:35.52Z","System.ChangedBy":"Sachin Raj <sachin77@outlook.com>","System.Title":"Check appointment details","Microsoft.VSTS.Scheduling.Effort":0.0,"System.Description":null,"System.AssignedTo":"Sachin Raj <sachin77@outlook.com>","Microsoft.VSTS.Scheduling.RemainingWork":0.0,"Microsoft.VSTS.Common.Priority":2.0,"System.Tags":null,"Microsoft.VSTS.TCM.Steps":null,"Microsoft.VSTS.TCM.Parameters":null,"Microsoft.VSTS.TCM.LocalDataSource":null,"Microsoft.VSTS.TCM.AutomationStatus":"Not Automated"},"relations":[{"rel":"Microsoft.VSTS.Common.TestedBy-Reverse","url":"https://vstsdemos.visualstudio.com/_apis/wit/workItems/20650","attributes":{"isLocked":"False"}}],"url":"https://vstsdemos.visualstudio.com/_apis/wit/workItems/22418"},{"id":23994,"rev":1,"fields":{"System.AreaPath":"My Health Clinic2\\Xamarin","System.TeamProject":"My Health Clinic2","System.IterationPath":"My Health Clinic2\\Sprint 3","System.WorkItemType":"Test Case","System.State":"Design","System.Reason":"New","System.CreatedDate":"2016-12-16T10:25:23.743Z","System.CreatedBy":"frbouter <frbouter@microsoft.com>","System.ChangedDate":"2016-12-16T10:25:23.743Z","System.ChangedBy":"frbouter <frbouter@microsoft.com>","System.Title":"Nouveau cas de test","Microsoft.VSTS.Scheduling.Effort":0.0,"System.Description":null,"System.AssignedTo":"frbouter <frbouter@microsoft.com>","Microsoft.VSTS.Scheduling.RemainingWork":0.0,"Microsoft.VSTS.Common.Priority":2.0,"System.Tags":null,"Microsoft.VSTS.TCM.Steps":null,"Microsoft.VSTS.TCM.Parameters":null,"Microsoft.VSTS.TCM.LocalDataSource":null,"Microsoft.VSTS.TCM.AutomationStatus":"Not Automated"},"relations":[{"rel":"Microsoft.VSTS.Common.TestedBy-Reverse","url":"https://vstsdemos.visualstudio.com/_apis/wit/workItems/20650","attributes":{"isLocked":"False"}}],"url":"https://vstsdemos.visualstudio.com/_apis/wit/workItems/23994"},{"id":24139,"rev":1,"fields":{"System.AreaPath":"My Health Clinic2\\Xamarin","System.TeamProject":"My Health Clinic2","System.IterationPath":"My Health Clinic2\\Sprint 3","System.WorkItemType":"Test Case","System.State":"Design","System.Reason":"New","System.CreatedDate":"2017-01-04T10:44:00.993Z","System.CreatedBy":"frbouter <frbouter@microsoft.com>","System.ChangedDate":"2017-01-04T10:44:00.993Z","System.ChangedBy":"frbouter <frbouter@microsoft.com>","System.Title":"Cas de test à ajouter","Microsoft.VSTS.Scheduling.Effort":0.0,"System.Description":null,"System.AssignedTo":"frbouter <frbouter@microsoft.com>","Microsoft.VSTS.Scheduling.RemainingWork":0.0,"Microsoft.VSTS.Common.Priority":2.0,"System.Tags":null,"Microsoft.VSTS.TCM.Steps":null,"Microsoft.VSTS.TCM.Parameters":null,"Microsoft.VSTS.TCM.LocalDataSource":null,"Microsoft.VSTS.TCM.AutomationStatus":"Not Automated"},"relations":[{"rel":"Microsoft.VSTS.Common.TestedBy-Reverse","url":"https://vstsdemos.visualstudio.com/_apis/wit/workItems/20650","attributes":{"isLocked":"False"}}],"url":"https://vstsdemos.visualstudio.com/_apis/wit/workItems/24139"},{"id":24140,"rev":1,"fields":{"System.AreaPath":"My Health Clinic2\\Xamarin","System.TeamProject":"My Health Clinic2","System.IterationPath":"My Health Clinic2\\Sprint 3","System.WorkItemType":"Test Case","System.State":"Design","System.Reason":"New","System.CreatedDate":"2017-01-05T10:18:47.8Z","System.CreatedBy":"frbouter <frbouter@microsoft.com>","System.ChangedDate":"2017-01-05T10:18:47.8Z","System.ChangedBy":"frbouter <frbouter@microsoft.com>","System.Title":"Use case oublié","Microsoft.VSTS.Scheduling.Effort":0.0,"System.Description":null,"System.AssignedTo":"frbouter <frbouter@microsoft.com>","Microsoft.VSTS.Scheduling.RemainingWork":0.0,"Microsoft.VSTS.Common.Priority":2.0,"System.Tags":null,"Microsoft.VSTS.TCM.Steps":null,"Microsoft.VSTS.TCM.Parameters":null,"Microsoft.VSTS.TCM.LocalDataSource":null,"Microsoft.VSTS.TCM.AutomationStatus":"Not Automated"},"relations":[{"rel":"Microsoft.VSTS.Common.TestedBy-Reverse","url":"https://vstsdemos.visualstudio.com/_apis/wit/workItems/20650","attributes":{"isLocked":"False"}}],"url":"https://vstsdemos.visualstudio.com/_apis/wit/workItems/24140"},{"id":24194,"rev":1,"fields":{"System.AreaPath":"My Health Clinic2\\Xamarin","System.TeamProject":"My Health Clinic2","System.IterationPath":"My Health Clinic2\\Sprint 3","System.WorkItemType":"Test Case","System.State":"Design","System.Reason":"New","System.CreatedDate":"2017-01-10T13:47:58.93Z","System.CreatedBy":"frbouter <frbouter@microsoft.com>","System.ChangedDate":"2017-01-10T13:47:58.93Z","System.ChangedBy":"frbouter <frbouter@microsoft.com>","System.Title":"Use case oublié encore","Microsoft.VSTS.Scheduling.Effort":0.0,"System.Description":null,"System.AssignedTo":"frbouter <frbouter@microsoft.com>","Microsoft.VSTS.Scheduling.RemainingWork":0.0,"Microsoft.VSTS.Common.Priority":2.0,"System.Tags":null,"Microsoft.VSTS.TCM.Steps":null,"Microsoft.VSTS.TCM.Parameters":null,"Microsoft.VSTS.TCM.LocalDataSource":null,"Microsoft.VSTS.TCM.AutomationStatus":"Not Automated"},"relations":[{"rel":"Microsoft.VSTS.Common.TestedBy-Reverse","url":"https://vstsdemos.visualstudio.com/_apis/wit/workItems/20650","attributes":{"isLocked":"False"}}],"url":"https://vstsdemos.visualstudio.com/_apis/wit/workItems/24194"}],"HttpStatusCode":0}