{"count":1,"value":[{"id":22411,"rev":2,"fields":{"System.AreaPath":"My Health Clinic2","System.TeamProject":"My Health Clinic2","System.IterationPath":"My Health Clinic2","System.WorkItemType":"Bug","System.State":"New","System.Reason":"New defect reported","System.CreatedDate":"2016-10-13T08:06:58.24Z","System.CreatedBy":"Sachin Raj <sachin77@outlook.com>","System.ChangedDate":"2016-10-13T08:06:58.68Z","System.ChangedBy":"Sachin Raj <sachin77@outlook.com>","System.Title":"Performance issue in old devices","Microsoft.VSTS.Scheduling.Effort":0.0,"System.Description":null,"System.AssignedTo":null,"Microsoft.VSTS.Scheduling.RemainingWork":0.0,"Microsoft.VSTS.Common.Priority":2.0,"System.Tags":null,"Microsoft.VSTS.TCM.Steps":null,"Microsoft.VSTS.TCM.Parameters":null,"Microsoft.VSTS.TCM.LocalDataSource":null,"Microsoft.VSTS.TCM.AutomationStatus":null},"relations":null,"url":"https://vstsdemos.visualstudio.com/_apis/wit/workItems/22411"}],"HttpStatusCode":0}