{"count":4,"value":[{"id":20635,"rev":1,"fields":{"System.AreaPath":"My Health Clinic2","System.TeamProject":"My Health Clinic2","System.IterationPath":"My Health Clinic2","System.WorkItemType":"Feature","System.State":"New","System.Reason":"New feature","System.CreatedDate":"2016-08-02T23:40:01.61Z","System.CreatedBy":"Alyx Damonne <alyx.damonne@outlook.com>","System.ChangedDate":"2016-08-02T23:40:01.61Z","System.ChangedBy":"Alyx Damonne <alyx.damonne@outlook.com>","System.Title":"Security","Microsoft.VSTS.Scheduling.Effort":0.0,"System.Description":"Need description.","System.AssignedTo":"Sachin Hridayraj <sraj@microsoft.com>","Microsoft.VSTS.Scheduling.RemainingWork":0.0,"Microsoft.VSTS.Common.Priority":2.0,"System.Tags":null,"Microsoft.VSTS.TCM.Steps":null,"Microsoft.VSTS.TCM.Parameters":null,"Microsoft.VSTS.TCM.LocalDataSource":null,"Microsoft.VSTS.TCM.AutomationStatus":null},"relations":[{"rel":"System.LinkTypes.Hierarchy-Forward","url":"https://vstsdemos.visualstudio.com/_apis/wit/workItems/20636","attributes":{"isLocked":"False"}},{"rel":"System.LinkTypes.Hierarchy-Forward","url":"https://vstsdemos.visualstudio.com/_apis/wit/workItems/20638","attributes":{"isLocked":"False"}},{"rel":"System.LinkTypes.Hierarchy-Forward","url":"https://vstsdemos.visualstudio.com/_apis/wit/workItems/20640","attributes":{"isLocked":"False"}}],"url":"https://vstsdemos.visualstudio.com/_apis/wit/workItems/20635"},{"id":20641,"rev":1,"fields":{"System.AreaPath":"My Health Clinic2","System.TeamProject":"My Health Clinic2","System.IterationPath":"My Health Clinic2","System.WorkItemType":"Feature","System.State":"New","System.Reason":"New feature","System.CreatedDate":"2016-08-02T23:40:07.133Z","System.CreatedBy":"Alyx Damonne <alyx.damonne@outlook.com>","System.ChangedDate":"2016-08-02T23:40:07.133Z","System.ChangedBy":"Alyx Damonne <alyx.damonne@outlook.com>","System.Title":"Settings","Microsoft.VSTS.Scheduling.Effort":0.0,"System.Description":"Need description.","System.AssignedTo":"Sachin Hridayraj <sraj@microsoft.com>","Microsoft.VSTS.Scheduling.RemainingWork":0.0,"Microsoft.VSTS.Common.Priority":2.0,"System.Tags":null,"Microsoft.VSTS.TCM.Steps":null,"Microsoft.VSTS.TCM.Parameters":null,"Microsoft.VSTS.TCM.LocalDataSource":null,"Microsoft.VSTS.TCM.AutomationStatus":null},"relations":null,"url":"https://vstsdemos.visualstudio.com/_apis/wit/workItems/20641"},{"id":20642,"rev":1,"fields":{"System.AreaPath":"My Health Clinic2","System.TeamProject":"My Health Clinic2","System.IterationPath":"My Health Clinic2","System.WorkItemType":"Feature","System.State":"New","System.Reason":"New feature","System.CreatedDate":"2016-08-02T23:40:07.33Z","System.CreatedBy":"Alyx Damonne <alyx.damonne@outlook.com>","System.ChangedDate":"2016-08-02T23:40:07.33Z","System.ChangedBy":"Alyx Damonne <alyx.damonne@outlook.com>","System.Title":"Appointmets","Microsoft.VSTS.Scheduling.Effort":0.0,"System.Description":"Need description.","System.AssignedTo":"Sachin Hridayraj <sraj@microsoft.com>","Microsoft.VSTS.Scheduling.RemainingWork":0.0,"Microsoft.VSTS.Common.Priority":2.0,"System.Tags":null,"Microsoft.VSTS.TCM.Steps":null,"Microsoft.VSTS.TCM.Parameters":null,"Microsoft.VSTS.TCM.LocalDataSource":null,"Microsoft.VSTS.TCM.AutomationStatus":null},"relations":[{"rel":"System.LinkTypes.Hierarchy-Forward","url":"https://vstsdemos.visualstudio.com/_apis/wit/workItems/20643","attributes":{"isLocked":"False"}},{"rel":"System.LinkTypes.Hierarchy-Forward","url":"https://vstsdemos.visualstudio.com/_apis/wit/workItems/20645","attributes":{"isLocked":"False"}},{"rel":"System.LinkTypes.Hierarchy-Forward","url":"https://vstsdemos.visualstudio.com/_apis/wit/workItems/20647","attributes":{"isLocked":"False"}},{"rel":"System.LinkTypes.Hierarchy-Forward","url":"https://vstsdemos.visualstudio.com/_apis/wit/workItems/20648","attributes":{"isLocked":"False"}},{"rel":"System.LinkTypes.Hierarchy-Forward","url":"https://vstsdemos.visualstudio.com/_apis/wit/workItems/20649","attributes":{"isLocked":"False"}},{"rel":"System.LinkTypes.Hierarchy-Forward","url":"https://vstsdemos.visualstudio.com/_apis/wit/workItems/20650","attributes":{"isLocked":"False"}},{"rel":"System.LinkTypes.Hierarchy-Forward","url":"https://vstsdemos.visualstudio.com/_apis/wit/workItems/20651","attributes":{"isLocked":"False"}},{"rel":"System.LinkTypes.Hierarchy-Forward","url":"https://vstsdemos.visualstudio.com/_apis/wit/workItems/20652","attributes":{"isLocked":"False"}},{"rel":"System.LinkTypes.Hierarchy-Forward","url":"https://vstsdemos.visualstudio.com/_apis/wit/workItems/20653","attributes":{"isLocked":"False"}},{"rel":"System.LinkTypes.Hierarchy-Forward","url":"https://vstsdemos.visualstudio.com/_apis/wit/workItems/20655","attributes":{"isLocked":"False"}},{"rel":"System.LinkTypes.Hierarchy-Forward","url":"https://vstsdemos.visualstudio.com/_apis/wit/workItems/20657","attributes":{"isLocked":"False"}},{"rel":"System.LinkTypes.Hierarchy-Forward","url":"https://vstsdemos.visualstudio.com/_apis/wit/workItems/20658","attributes":{"isLocked":"False"}},{"rel":"System.LinkTypes.Hierarchy-Forward","url":"https://vstsdemos.visualstudio.com/_apis/wit/workItems/20659","attributes":{"isLocked":"False"}}],"url":"https://vstsdemos.visualstudio.com/_apis/wit/workItems/20642"},{"id":20660,"rev":1,"fields":{"System.AreaPath":"My Health Clinic2","System.TeamProject":"My Health Clinic2","System.IterationPath":"My Health Clinic2","System.WorkItemType":"Feature","System.State":"New","System.Reason":"New feature","System.CreatedDate":"2016-08-02T23:40:13.313Z","System.CreatedBy":"Alyx Damonne <alyx.damonne@outlook.com>","System.ChangedDate":"2016-08-02T23:40:13.313Z","System.ChangedBy":"Alyx Damonne <alyx.damonne@outlook.com>","System.Title":"Backoffice","Microsoft.VSTS.Scheduling.Effort":0.0,"System.Description":"Need description.","System.AssignedTo":"Sachin Hridayraj <sraj@microsoft.com>","Microsoft.VSTS.Scheduling.RemainingWork":0.0,"Microsoft.VSTS.Common.Priority":2.0,"System.Tags":null,"Microsoft.VSTS.TCM.Steps":null,"Microsoft.VSTS.TCM.Parameters":null,"Microsoft.VSTS.TCM.LocalDataSource":null,"Microsoft.VSTS.TCM.AutomationStatus":null},"relations":[{"rel":"System.LinkTypes.Hierarchy-Forward","url":"https://vstsdemos.visualstudio.com/_apis/wit/workItems/20661","attributes":{"isLocked":"False"}},{"rel":"System.LinkTypes.Hierarchy-Forward","url":"https://vstsdemos.visualstudio.com/_apis/wit/workItems/20663","attributes":{"isLocked":"False"}},{"rel":"System.LinkTypes.Hierarchy-Forward","url":"https://vstsdemos.visualstudio.com/_apis/wit/workItems/20664","attributes":{"isLocked":"False"}},{"rel":"System.LinkTypes.Hierarchy-Forward","url":"https://vstsdemos.visualstudio.com/_apis/wit/workItems/20665","attributes":{"isLocked":"False"}},{"rel":"System.LinkTypes.Hierarchy-Forward","url":"https://vstsdemos.visualstudio.com/_apis/wit/workItems/20666","attributes":{"isLocked":"False"}},{"rel":"System.LinkTypes.Hierarchy-Forward","url":"https://vstsdemos.visualstudio.com/_apis/wit/workItems/20667","attributes":{"isLocked":"False"}},{"rel":"System.LinkTypes.Hierarchy-Forward","url":"https://vstsdemos.visualstudio.com/_apis/wit/workItems/20668","attributes":{"isLocked":"False"}},{"rel":"System.LinkTypes.Hierarchy-Forward","url":"https://vstsdemos.visualstudio.com/_apis/wit/workItems/20669","attributes":{"isLocked":"False"}},{"rel":"System.LinkTypes.Hierarchy-Forward","url":"https://vstsdemos.visualstudio.com/_apis/wit/workItems/20670","attributes":{"isLocked":"False"}}],"url":"https://vstsdemos.visualstudio.com/_apis/wit/workItems/20660"}],"HttpStatusCode":0}