{"count":39,"value":[{"id":20644,"rev":1,"fields":{"System.AreaPath":"My Health Clinic2\\Xamarin","System.TeamProject":"My Health Clinic2","System.IterationPath":"My Health Clinic2\\Sprint 1","System.WorkItemType":"Task","System.State":"To Do","System.Reason":"New task","System.CreatedDate":"2016-08-02T23:40:07.83Z","System.CreatedBy":"Alyx Damonne <alyx.damonne@outlook.com>","System.ChangedDate":"2016-08-02T23:40:07.83Z","System.ChangedBy":"Alyx Damonne <alyx.damonne@outlook.com>","System.Title":"Settings","Microsoft.VSTS.Scheduling.Effort":0.0,"System.Description":"Need description","System.AssignedTo":"Sachin Hridayraj <sraj@microsoft.com>","Microsoft.VSTS.Scheduling.RemainingWork":12.0,"Microsoft.VSTS.Common.Priority":2.0,"System.Tags":null,"Microsoft.VSTS.TCM.Steps":null,"Microsoft.VSTS.TCM.Parameters":null,"Microsoft.VSTS.TCM.LocalDataSource":null,"Microsoft.VSTS.TCM.AutomationStatus":null},"relations":[{"rel":"System.LinkTypes.Hierarchy-Reverse","url":"https://vstsdemos.visualstudio.com/_apis/wit/workItems/20643","attributes":{"isLocked":"False"}}],"url":"https://vstsdemos.visualstudio.com/_apis/wit/workItems/20644"},{"id":21719,"rev":9,"fields":{"System.AreaPath":"My Health Clinic2\\Cordova","System.TeamProject":"My Health Clinic2","System.IterationPath":"My Health Clinic2\\Sprint 4","System.WorkItemType":"Task","System.State":"To Do","System.Reason":"New task","System.CreatedDate":"2016-09-16T07:36:30.57Z","System.CreatedBy":"Prafulla Nagaraj <prafullanagaraj@hotmail.com>","System.ChangedDate":"2016-10-12T09:17:27.967Z","System.ChangedBy":"Prafulla Nagaraj <prafullanagaraj@hotmail.com>","System.Title":"Sync Directory","Microsoft.VSTS.Scheduling.Effort":0.0,"System.Description":null,"System.AssignedTo":"Sachin Raj <sachin77@outlook.com>","Microsoft.VSTS.Scheduling.RemainingWork":3.0,"Microsoft.VSTS.Common.Priority":2.0,"System.Tags":null,"Microsoft.VSTS.TCM.Steps":null,"Microsoft.VSTS.TCM.Parameters":null,"Microsoft.VSTS.TCM.LocalDataSource":null,"Microsoft.VSTS.TCM.AutomationStatus":null},"relations":[{"rel":"System.LinkTypes.Hierarchy-Reverse","url":"https://vstsdemos.visualstudio.com/_apis/wit/workItems/20652","attributes":{"isLocked":"False"}}],"url":"https://vstsdemos.visualstudio.com/_apis/wit/workItems/21719"},{"id":21718,"rev":11,"fields":{"System.AreaPath":"My Health Clinic2\\Backend\\Web","System.TeamProject":"My Health Clinic2","System.IterationPath":"My Health Clinic2\\Sprint 4","System.WorkItemType":"Task","System.State":"To Do","System.Reason":"New task","System.CreatedDate":"2016-09-16T07:36:20.127Z","System.CreatedBy":"Prafulla Nagaraj <prafullanagaraj@hotmail.com>","System.ChangedDate":"2016-10-12T09:17:28.84Z","System.ChangedBy":"Prafulla Nagaraj <prafullanagaraj@hotmail.com>","System.Title":"Position change query","Microsoft.VSTS.Scheduling.Effort":0.0,"System.Description":null,"System.AssignedTo":"Christina Kelly <ckelly109@outlook.com>","Microsoft.VSTS.Scheduling.RemainingWork":8.0,"Microsoft.VSTS.Common.Priority":2.0,"System.Tags":null,"Microsoft.VSTS.TCM.Steps":null,"Microsoft.VSTS.TCM.Parameters":null,"Microsoft.VSTS.TCM.LocalDataSource":null,"Microsoft.VSTS.TCM.AutomationStatus":null},"relations":[{"rel":"System.LinkTypes.Hierarchy-Reverse","url":"https://vstsdemos.visualstudio.com/_apis/wit/workItems/20650","attributes":{"isLocked":"False"}}],"url":"https://vstsdemos.visualstudio.com/_apis/wit/workItems/21718"},{"id":21714,"rev":7,"fields":{"System.AreaPath":"My Health Clinic2\\Backend\\Web","System.TeamProject":"My Health Clinic2","System.IterationPath":"My Health Clinic2\\Sprint 4","System.WorkItemType":"Task","System.State":"To Do","System.Reason":"New task","System.CreatedDate":"2016-09-16T07:35:40.803Z","System.CreatedBy":"Prafulla Nagaraj <prafullanagaraj@hotmail.com>","System.ChangedDate":"2016-10-12T09:17:55.133Z","System.ChangedBy":"Prafulla Nagaraj <prafullanagaraj@hotmail.com>","System.Title":"Next pill -reminder","Microsoft.VSTS.Scheduling.Effort":0.0,"System.Description":null,"System.AssignedTo":"Sachin Raj <sachin77@outlook.com>","Microsoft.VSTS.Scheduling.RemainingWork":13.0,"Microsoft.VSTS.Common.Priority":2.0,"System.Tags":null,"Microsoft.VSTS.TCM.Steps":null,"Microsoft.VSTS.TCM.Parameters":null,"Microsoft.VSTS.TCM.LocalDataSource":null,"Microsoft.VSTS.TCM.AutomationStatus":null},"relations":[{"rel":"System.LinkTypes.Hierarchy-Reverse","url":"https://vstsdemos.visualstudio.com/_apis/wit/workItems/20669","attributes":{"isLocked":"False"}}],"url":"https://vstsdemos.visualstudio.com/_apis/wit/workItems/21714"},{"id":24193,"rev":1,"fields":{"System.AreaPath":"My Health Clinic2\\Xamarin","System.TeamProject":"My Health Clinic2","System.IterationPath":"My Health Clinic2\\Sprint 3","System.WorkItemType":"Task","System.State":"To Do","System.Reason":"New task","System.CreatedDate":"2017-01-10T13:46:53.927Z","System.CreatedBy":"frbouter <frbouter@microsoft.com>","System.ChangedDate":"2017-01-10T13:46:53.927Z","System.ChangedBy":"frbouter <frbouter@microsoft.com>","System.Title":"Tache oublié","Microsoft.VSTS.Scheduling.Effort":0.0,"System.Description":null,"System.AssignedTo":null,"Microsoft.VSTS.Scheduling.RemainingWork":0.0,"Microsoft.VSTS.Common.Priority":2.0,"System.Tags":null,"Microsoft.VSTS.TCM.Steps":null,"Microsoft.VSTS.TCM.Parameters":null,"Microsoft.VSTS.TCM.LocalDataSource":null,"Microsoft.VSTS.TCM.AutomationStatus":null},"relations":[{"rel":"System.LinkTypes.Hierarchy-Reverse","url":"https://vstsdemos.visualstudio.com/_apis/wit/workItems/20650","attributes":{"isLocked":"False"}}],"url":"https://vstsdemos.visualstudio.com/_apis/wit/workItems/24193"},{"id":21492,"rev":17,"fields":{"System.AreaPath":"My Health Clinic2\\Xamarin","System.TeamProject":"My Health Clinic2","System.IterationPath":"My Health Clinic2\\Sprint 2","System.WorkItemType":"Task","System.State":"In Progress","System.Reason":"Additional work found","System.CreatedDate":"2016-08-31T21:12:05.55Z","System.CreatedBy":"Sachin Raj <sachin77@outlook.com>","System.ChangedDate":"2016-12-13T09:17:09.9Z","System.ChangedBy":"frbouter <frbouter@microsoft.com>","System.Title":"Form - New Appointment","Microsoft.VSTS.Scheduling.Effort":0.0,"System.Description":null,"System.AssignedTo":"Christina Kelly <ckelly109@outlook.com>","Microsoft.VSTS.Scheduling.RemainingWork":0.0,"Microsoft.VSTS.Common.Priority":2.0,"System.Tags":null,"Microsoft.VSTS.TCM.Steps":null,"Microsoft.VSTS.TCM.Parameters":null,"Microsoft.VSTS.TCM.LocalDataSource":null,"Microsoft.VSTS.TCM.AutomationStatus":null},"relations":[{"rel":"System.LinkTypes.Hierarchy-Reverse","url":"https://vstsdemos.visualstudio.com/_apis/wit/workItems/20648","attributes":{"isLocked":"False"}},{"rel":"ArtifactLink","url":"vstfs:///Git/PullRequestId/90b4fa5d-cc69-4b10-b23d-9b03c2077fe4%2F8f5b4c01-9e3a-4c58-86fa-b8dc6ebea384%2F172","attributes":{"authorizedDate":"2016-09-06T16:43:02.12Z","id":"417379","resourceCreatedDate":"2016-09-06T16:43:02.12Z","resourceModifiedDate":"2016-09-06T16:43:02.12Z","revisedDate":"9999-01-01T00:00:00Z","name":"Pull Request"}},{"rel":"ArtifactLink","url":"vstfs:///Git/PullRequestId/35be0af9-fa6d-4b8a-a41c-582dc48ac5f5%2ff481ce91-bf5c-48bb-ab51-3efafc088519%2f180","attributes":{"authorizedDate":"2016-09-13T18:52:13.7Z","id":"421081","resourceCreatedDate":"2016-09-13T18:52:13.7Z","resourceModifiedDate":"2016-09-13T18:52:13.7Z","revisedDate":"9999-01-01T00:00:00Z","name":"Pull Request"}}],"url":"https://vstsdemos.visualstudio.com/_apis/wit/workItems/21492"},{"id":21497,"rev":2,"fields":{"System.AreaPath":"My Health Clinic2\\Cordova","System.TeamProject":"My Health Clinic2","System.IterationPath":"My Health Clinic2\\Sprint 2","System.WorkItemType":"Task","System.State":"Done","System.Reason":"Work finished","System.CreatedDate":"2016-08-31T21:18:30.583Z","System.CreatedBy":"Sachin Raj <sachin77@outlook.com>","System.ChangedDate":"2016-08-31T21:18:47.113Z","System.ChangedBy":"Sachin Raj <sachin77@outlook.com>","System.Title":"Position change query","Microsoft.VSTS.Scheduling.Effort":0.0,"System.Description":null,"System.AssignedTo":"Sachin Raj <sachin77@outlook.com>","Microsoft.VSTS.Scheduling.RemainingWork":0.0,"Microsoft.VSTS.Common.Priority":2.0,"System.Tags":null,"Microsoft.VSTS.TCM.Steps":null,"Microsoft.VSTS.TCM.Parameters":null,"Microsoft.VSTS.TCM.LocalDataSource":null,"Microsoft.VSTS.TCM.AutomationStatus":null},"relations":[{"rel":"System.LinkTypes.Hierarchy-Reverse","url":"https://vstsdemos.visualstudio.com/_apis/wit/workItems/20658","attributes":{"isLocked":"False"}}],"url":"https://vstsdemos.visualstudio.com/_apis/wit/workItems/21497"},{"id":21490,"rev":6,"fields":{"System.AreaPath":"My Health Clinic2\\Cordova","System.TeamProject":"My Health Clinic2","System.IterationPath":"My Health Clinic2\\Sprint 2","System.WorkItemType":"Task","System.State":"Done","System.Reason":"Work finished","System.CreatedDate":"2016-08-31T21:11:31.697Z","System.CreatedBy":"Sachin Raj <sachin77@outlook.com>","System.ChangedDate":"2016-09-08T15:20:29.76Z","System.ChangedBy":"Sachin Raj <sachin77@outlook.com>","System.Title":"AD Integration","Microsoft.VSTS.Scheduling.Effort":0.0,"System.Description":null,"System.AssignedTo":"Noah Munger <nmunger109@outlook.com>","Microsoft.VSTS.Scheduling.RemainingWork":0.0,"Microsoft.VSTS.Common.Priority":2.0,"System.Tags":null,"Microsoft.VSTS.TCM.Steps":null,"Microsoft.VSTS.TCM.Parameters":null,"Microsoft.VSTS.TCM.LocalDataSource":null,"Microsoft.VSTS.TCM.AutomationStatus":null},"relations":[{"rel":"System.LinkTypes.Hierarchy-Reverse","url":"https://vstsdemos.visualstudio.com/_apis/wit/workItems/20640","attributes":{"isLocked":"False"}},{"rel":"ArtifactLink","url":"vstfs:///Git/PullRequestId/90b4fa5d-cc69-4b10-b23d-9b03c2077fe4%2F8f5b4c01-9e3a-4c58-86fa-b8dc6ebea384%2F175","attributes":{"authorizedDate":"2016-09-08T15:20:29.76Z","id":"418633","resourceCreatedDate":"2016-09-08T15:20:29.76Z","resourceModifiedDate":"2016-09-08T15:20:29.76Z","revisedDate":"9999-01-01T00:00:00Z","name":"Pull Request"}}],"url":"https://vstsdemos.visualstudio.com/_apis/wit/workItems/21490"},{"id":21489,"rev":17,"fields":{"System.AreaPath":"My Health Clinic2\\Backend\\Web","System.TeamProject":"My Health Clinic2","System.IterationPath":"My Health Clinic2\\Sprint 2","System.WorkItemType":"Task","System.State":"Done","System.Reason":"Work finished","System.CreatedDate":"2016-08-31T21:11:12.943Z","System.CreatedBy":"Sachin Raj <sachin77@outlook.com>","System.ChangedDate":"2016-09-13T17:07:03.053Z","System.ChangedBy":"Prafulla Nagaraj <prafullanagaraj@hotmail.com>","System.Title":"Backed Query","Microsoft.VSTS.Scheduling.Effort":0.0,"System.Description":null,"System.AssignedTo":"Lowell Steel <lsteel109@outlook.com>","Microsoft.VSTS.Scheduling.RemainingWork":0.0,"Microsoft.VSTS.Common.Priority":2.0,"System.Tags":null,"Microsoft.VSTS.TCM.Steps":null,"Microsoft.VSTS.TCM.Parameters":null,"Microsoft.VSTS.TCM.LocalDataSource":null,"Microsoft.VSTS.TCM.AutomationStatus":null},"relations":[{"rel":"System.LinkTypes.Hierarchy-Reverse","url":"https://vstsdemos.visualstudio.com/_apis/wit/workItems/20664","attributes":{"isLocked":"False"}},{"rel":"ArtifactLink","url":"vstfs:///Git/PullRequestId/90b4fa5d-cc69-4b10-b23d-9b03c2077fe4%2F8f5b4c01-9e3a-4c58-86fa-b8dc6ebea384%2F175","attributes":{"authorizedDate":"2016-09-08T15:20:01.287Z","id":"418628","resourceCreatedDate":"2016-09-08T15:20:01.287Z","resourceModifiedDate":"2016-09-08T15:20:01.287Z","revisedDate":"9999-01-01T00:00:00Z","name":"Pull Request"}},{"rel":"ArtifactLink","url":"vstfs:///Git/Commit/90b4fa5d-cc69-4b10-b23d-9b03c2077fe4%2f8f5b4c01-9e3a-4c58-86fa-b8dc6ebea384%2f7a2cb27fa3499ec4237c83f86a2b80f03a52a564","attributes":{"authorizedDate":"2016-09-10T07:13:04.363Z","id":"419599","resourceCreatedDate":"2016-09-10T07:13:04.363Z","resourceModifiedDate":"2016-09-10T07:13:04.363Z","revisedDate":"9999-01-01T00:00:00Z","name":"Fixed in Commit"}},{"rel":"ArtifactLink","url":"vstfs:///Git/PullRequestId/90b4fa5d-cc69-4b10-b23d-9b03c2077fe4%2f8f5b4c01-9e3a-4c58-86fa-b8dc6ebea384%2f177","attributes":{"authorizedDate":"2016-09-10T07:22:59.007Z","id":"419604","resourceCreatedDate":"2016-09-10T07:22:59.007Z","resourceModifiedDate":"2016-09-10T07:22:59.007Z","revisedDate":"9999-01-01T00:00:00Z","name":"Pull Request"}},{"rel":"ArtifactLink","url":"vstfs:///Git/Ref/90b4fa5d-cc69-4b10-b23d-9b03c2077fe4%2F8f5b4c01-9e3a-4c58-86fa-b8dc6ebea384%2FGBDev-Sprint3","attributes":{"authorizedDate":"2016-09-10T07:50:40.133Z","id":"419611","resourceCreatedDate":"2016-09-10T07:50:40.133Z","resourceModifiedDate":"2016-09-10T07:50:40.133Z","revisedDate":"9999-01-01T00:00:00Z","name":"Branch"}},{"rel":"ArtifactLink","url":"vstfs:///Git/Commit/90b4fa5d-cc69-4b10-b23d-9b03c2077fe4%2f8f5b4c01-9e3a-4c58-86fa-b8dc6ebea384%2f4e1698c3f3e9192f1c498ab8fdb0e1f0c9011e0d","attributes":{"authorizedDate":"2016-09-10T08:56:41.48Z","id":"419622","resourceCreatedDate":"2016-09-10T08:56:41.48Z","resourceModifiedDate":"2016-09-10T08:56:41.48Z","revisedDate":"9999-01-01T00:00:00Z","name":"Fixed in Commit"}},{"rel":"ArtifactLink","url":"vstfs:///Git/PullRequestId/90b4fa5d-cc69-4b10-b23d-9b03c2077fe4%2f8f5b4c01-9e3a-4c58-86fa-b8dc6ebea384%2f178","attributes":{"authorizedDate":"2016-09-10T09:07:55.367Z","id":"419625","resourceCreatedDate":"2016-09-10T09:07:55.367Z","resourceModifiedDate":"2016-09-10T09:07:55.367Z","revisedDate":"9999-01-01T00:00:00Z","name":"Pull Request"}},{"rel":"ArtifactLink","url":"vstfs:///Git/Commit/90b4fa5d-cc69-4b10-b23d-9b03c2077fe4%2f8f5b4c01-9e3a-4c58-86fa-b8dc6ebea384%2fb50ac1a27edb2bc6577f9c0966639e1b72b06553","attributes":{"authorizedDate":"2016-09-10T09:30:44.487Z","id":"419629","resourceCreatedDate":"2016-09-10T09:30:44.487Z","resourceModifiedDate":"2016-09-10T09:30:44.487Z","revisedDate":"9999-01-01T00:00:00Z","name":"Fixed in Commit"}},{"rel":"ArtifactLink","url":"vstfs:///Git/PullRequestId/90b4fa5d-cc69-4b10-b23d-9b03c2077fe4%2f8f5b4c01-9e3a-4c58-86fa-b8dc6ebea384%2f179","attributes":{"authorizedDate":"2016-09-11T06:00:20.217Z","id":"419690","resourceCreatedDate":"2016-09-11T06:00:20.217Z","resourceModifiedDate":"2016-09-11T06:00:20.217Z","revisedDate":"9999-01-01T00:00:00Z","name":"Pull Request"}}],"url":"https://vstsdemos.visualstudio.com/_apis/wit/workItems/21489"},{"id":21494,"rev":9,"fields":{"System.AreaPath":"My Health Clinic2\\Xamarin","System.TeamProject":"My Health Clinic2","System.IterationPath":"My Health Clinic2\\Sprint 2","System.WorkItemType":"Task","System.State":"Done","System.Reason":"Work finished","System.CreatedDate":"2016-08-31T21:13:00.21Z","System.CreatedBy":"Sachin Raj <sachin77@outlook.com>","System.ChangedDate":"2016-09-13T17:07:15.413Z","System.ChangedBy":"Prafulla Nagaraj <prafullanagaraj@hotmail.com>","System.Title":"Update settings for reminders","Microsoft.VSTS.Scheduling.Effort":0.0,"System.Description":null,"System.AssignedTo":"Craig Cambell <craig109@outlook.com>","Microsoft.VSTS.Scheduling.RemainingWork":0.0,"Microsoft.VSTS.Common.Priority":2.0,"System.Tags":null,"Microsoft.VSTS.TCM.Steps":null,"Microsoft.VSTS.TCM.Parameters":null,"Microsoft.VSTS.TCM.LocalDataSource":null,"Microsoft.VSTS.TCM.AutomationStatus":null},"relations":[{"rel":"System.LinkTypes.Hierarchy-Reverse","url":"https://vstsdemos.visualstudio.com/_apis/wit/workItems/20647","attributes":{"isLocked":"False"}},{"rel":"ArtifactLink","url":"vstfs:///Git/PullRequestId/90b4fa5d-cc69-4b10-b23d-9b03c2077fe4%2f8f5b4c01-9e3a-4c58-86fa-b8dc6ebea384%2f177","attributes":{"authorizedDate":"2016-09-10T07:22:59.007Z","id":"419607","resourceCreatedDate":"2016-09-10T07:22:59.007Z","resourceModifiedDate":"2016-09-10T07:22:59.007Z","revisedDate":"9999-01-01T00:00:00Z","name":"Pull Request"}}],"url":"https://vstsdemos.visualstudio.com/_apis/wit/workItems/21494"},{"id":21491,"rev":10,"fields":{"System.AreaPath":"My Health Clinic2\\Xamarin","System.TeamProject":"My Health Clinic2","System.IterationPath":"My Health Clinic2\\Sprint 2","System.WorkItemType":"Task","System.State":"Done","System.Reason":"Work finished","System.CreatedDate":"2016-08-31T21:11:47.597Z","System.CreatedBy":"Sachin Raj <sachin77@outlook.com>","System.ChangedDate":"2016-09-13T22:53:26.25Z","System.ChangedBy":"Sachin Raj <sachin77@outlook.com>","System.Title":"Navigation menu update","Microsoft.VSTS.Scheduling.Effort":0.0,"System.Description":null,"System.AssignedTo":"Lowell Steel <lsteel109@outlook.com>","Microsoft.VSTS.Scheduling.RemainingWork":0.0,"Microsoft.VSTS.Common.Priority":2.0,"System.Tags":null,"Microsoft.VSTS.TCM.Steps":null,"Microsoft.VSTS.TCM.Parameters":null,"Microsoft.VSTS.TCM.LocalDataSource":null,"Microsoft.VSTS.TCM.AutomationStatus":null},"relations":[{"rel":"System.LinkTypes.Hierarchy-Reverse","url":"https://vstsdemos.visualstudio.com/_apis/wit/workItems/20648","attributes":{"isLocked":"False"}},{"rel":"ArtifactLink","url":"vstfs:///Git/PullRequestId/90b4fa5d-cc69-4b10-b23d-9b03c2077fe4%2f8f5b4c01-9e3a-4c58-86fa-b8dc6ebea384%2f177","attributes":{"authorizedDate":"2016-09-10T07:22:59.007Z","id":"419606","resourceCreatedDate":"2016-09-10T07:22:59.007Z","resourceModifiedDate":"2016-09-10T07:22:59.007Z","revisedDate":"9999-01-01T00:00:00Z","name":"Pull Request"}},{"rel":"ArtifactLink","url":"vstfs:///Git/Commit/90b4fa5d-cc69-4b10-b23d-9b03c2077fe4%2f8f5b4c01-9e3a-4c58-86fa-b8dc6ebea384%2fb50ac1a27edb2bc6577f9c0966639e1b72b06553","attributes":{"authorizedDate":"2016-09-10T09:30:44.487Z","id":"419631","resourceCreatedDate":"2016-09-10T09:30:44.487Z","resourceModifiedDate":"2016-09-10T09:30:44.487Z","revisedDate":"9999-01-01T00:00:00Z","name":"Fixed in Commit"}},{"rel":"ArtifactLink","url":"vstfs:///Git/PullRequestId/90b4fa5d-cc69-4b10-b23d-9b03c2077fe4%2F8f5b4c01-9e3a-4c58-86fa-b8dc6ebea384%2F178","attributes":{"authorizedDate":"2016-09-10T09:08:31.443Z","id":"419626","resourceCreatedDate":"2016-09-10T09:08:31.443Z","resourceModifiedDate":"2016-09-10T09:08:31.443Z","revisedDate":"9999-01-01T00:00:00Z","name":"Pull Request"}}],"url":"https://vstsdemos.visualstudio.com/_apis/wit/workItems/21491"},{"id":20639,"rev":2,"fields":{"System.AreaPath":"My Health Clinic2\\Xamarin","System.TeamProject":"My Health Clinic2","System.IterationPath":"My Health Clinic2\\Sprint 1","System.WorkItemType":"Task","System.State":"Done","System.Reason":"Work finished","System.CreatedDate":"2016-08-02T23:40:06.49Z","System.CreatedBy":"Alyx Damonne <alyx.damonne@outlook.com>","System.ChangedDate":"2016-09-14T12:47:39.513Z","System.ChangedBy":"Prafulla Nagaraj <prafullanagaraj@hotmail.com>","System.Title":"SIgn-in with O365","Microsoft.VSTS.Scheduling.Effort":0.0,"System.Description":"Need description","System.AssignedTo":"Sachin Hridayraj <sraj@microsoft.com>","Microsoft.VSTS.Scheduling.RemainingWork":0.0,"Microsoft.VSTS.Common.Priority":2.0,"System.Tags":null,"Microsoft.VSTS.TCM.Steps":null,"Microsoft.VSTS.TCM.Parameters":null,"Microsoft.VSTS.TCM.LocalDataSource":null,"Microsoft.VSTS.TCM.AutomationStatus":null},"relations":[{"rel":"System.LinkTypes.Hierarchy-Reverse","url":"https://vstsdemos.visualstudio.com/_apis/wit/workItems/20638","attributes":{"isLocked":"False"}}],"url":"https://vstsdemos.visualstudio.com/_apis/wit/workItems/20639"},{"id":20654,"rev":2,"fields":{"System.AreaPath":"My Health Clinic2\\Cordova","System.TeamProject":"My Health Clinic2","System.IterationPath":"My Health Clinic2\\Sprint 1","System.WorkItemType":"Task","System.State":"Done","System.Reason":"Work finished","System.CreatedDate":"2016-08-02T23:40:11.143Z","System.CreatedBy":"Alyx Damonne <alyx.damonne@outlook.com>","System.ChangedDate":"2016-09-14T12:47:41.75Z","System.ChangedBy":"Prafulla Nagaraj <prafullanagaraj@hotmail.com>","System.Title":"Patients to visit","Microsoft.VSTS.Scheduling.Effort":0.0,"System.Description":"Need description","System.AssignedTo":"Sachin Hridayraj <sraj@microsoft.com>","Microsoft.VSTS.Scheduling.RemainingWork":0.0,"Microsoft.VSTS.Common.Priority":2.0,"System.Tags":null,"Microsoft.VSTS.TCM.Steps":null,"Microsoft.VSTS.TCM.Parameters":null,"Microsoft.VSTS.TCM.LocalDataSource":null,"Microsoft.VSTS.TCM.AutomationStatus":null},"relations":[{"rel":"System.LinkTypes.Hierarchy-Reverse","url":"https://vstsdemos.visualstudio.com/_apis/wit/workItems/20653","attributes":{"isLocked":"False"}}],"url":"https://vstsdemos.visualstudio.com/_apis/wit/workItems/20654"},{"id":20646,"rev":2,"fields":{"System.AreaPath":"My Health Clinic2\\Xamarin","System.TeamProject":"My Health Clinic2","System.IterationPath":"My Health Clinic2\\Sprint 1","System.WorkItemType":"Task","System.State":"Done","System.Reason":"Work finished","System.CreatedDate":"2016-08-02T23:40:08.45Z","System.CreatedBy":"Alyx Damonne <alyx.damonne@outlook.com>","System.ChangedDate":"2016-09-14T12:47:44.087Z","System.ChangedBy":"Prafulla Nagaraj <prafullanagaraj@hotmail.com>","System.Title":"My medical appointments","Microsoft.VSTS.Scheduling.Effort":0.0,"System.Description":"Need description","System.AssignedTo":"Sachin Hridayraj <sraj@microsoft.com>","Microsoft.VSTS.Scheduling.RemainingWork":0.0,"Microsoft.VSTS.Common.Priority":2.0,"System.Tags":null,"Microsoft.VSTS.TCM.Steps":null,"Microsoft.VSTS.TCM.Parameters":null,"Microsoft.VSTS.TCM.LocalDataSource":null,"Microsoft.VSTS.TCM.AutomationStatus":null},"relations":[{"rel":"System.LinkTypes.Hierarchy-Reverse","url":"https://vstsdemos.visualstudio.com/_apis/wit/workItems/20645","attributes":{"isLocked":"False"}}],"url":"https://vstsdemos.visualstudio.com/_apis/wit/workItems/20646"},{"id":20637,"rev":3,"fields":{"System.AreaPath":"My Health Clinic2\\Backend\\Web","System.TeamProject":"My Health Clinic2","System.IterationPath":"My Health Clinic2\\Sprint 1","System.WorkItemType":"Task","System.State":"Done","System.Reason":"Work finished","System.CreatedDate":"2016-08-02T23:40:05.837Z","System.CreatedBy":"Alyx Damonne <alyx.damonne@outlook.com>","System.ChangedDate":"2016-09-14T12:47:45.56Z","System.ChangedBy":"Prafulla Nagaraj <prafullanagaraj@hotmail.com>","System.Title":"Authentication","Microsoft.VSTS.Scheduling.Effort":0.0,"System.Description":"Need description","System.AssignedTo":"Sachin Hridayraj <sraj@microsoft.com>","Microsoft.VSTS.Scheduling.RemainingWork":0.0,"Microsoft.VSTS.Common.Priority":2.0,"System.Tags":null,"Microsoft.VSTS.TCM.Steps":null,"Microsoft.VSTS.TCM.Parameters":null,"Microsoft.VSTS.TCM.LocalDataSource":null,"Microsoft.VSTS.TCM.AutomationStatus":null},"relations":[{"rel":"System.LinkTypes.Hierarchy-Reverse","url":"https://vstsdemos.visualstudio.com/_apis/wit/workItems/20636","attributes":{"isLocked":"False"}}],"url":"https://vstsdemos.visualstudio.com/_apis/wit/workItems/20637"},{"id":20656,"rev":2,"fields":{"System.AreaPath":"My Health Clinic2\\Cordova","System.TeamProject":"My Health Clinic2","System.IterationPath":"My Health Clinic2\\Sprint 1","System.WorkItemType":"Task","System.State":"Done","System.Reason":"Work finished","System.CreatedDate":"2016-08-02T23:40:11.847Z","System.CreatedBy":"Alyx Damonne <alyx.damonne@outlook.com>","System.ChangedDate":"2016-09-14T12:47:48.693Z","System.ChangedBy":"Prafulla Nagaraj <prafullanagaraj@hotmail.com>","System.Title":"Visited patients","Microsoft.VSTS.Scheduling.Effort":0.0,"System.Description":"Need description","System.AssignedTo":"Sachin Hridayraj <sraj@microsoft.com>","Microsoft.VSTS.Scheduling.RemainingWork":0.0,"Microsoft.VSTS.Common.Priority":2.0,"System.Tags":null,"Microsoft.VSTS.TCM.Steps":null,"Microsoft.VSTS.TCM.Parameters":null,"Microsoft.VSTS.TCM.LocalDataSource":null,"Microsoft.VSTS.TCM.AutomationStatus":null},"relations":[{"rel":"System.LinkTypes.Hierarchy-Reverse","url":"https://vstsdemos.visualstudio.com/_apis/wit/workItems/20655","attributes":{"isLocked":"False"}}],"url":"https://vstsdemos.visualstudio.com/_apis/wit/workItems/20656"},{"id":20662,"rev":2,"fields":{"System.AreaPath":"My Health Clinic2\\Backend\\Web","System.TeamProject":"My Health Clinic2","System.IterationPath":"My Health Clinic2\\Sprint 1","System.WorkItemType":"Task","System.State":"Done","System.Reason":"Work finished","System.CreatedDate":"2016-08-02T23:40:13.837Z","System.CreatedBy":"Alyx Damonne <alyx.damonne@outlook.com>","System.ChangedDate":"2016-09-14T12:47:50.703Z","System.ChangedBy":"Prafulla Nagaraj <prafullanagaraj@hotmail.com>","System.Title":"Health stories showcase","Microsoft.VSTS.Scheduling.Effort":0.0,"System.Description":"Need description","System.AssignedTo":"Sachin Hridayraj <sraj@microsoft.com>","Microsoft.VSTS.Scheduling.RemainingWork":0.0,"Microsoft.VSTS.Common.Priority":2.0,"System.Tags":null,"Microsoft.VSTS.TCM.Steps":null,"Microsoft.VSTS.TCM.Parameters":null,"Microsoft.VSTS.TCM.LocalDataSource":null,"Microsoft.VSTS.TCM.AutomationStatus":null},"relations":[{"rel":"System.LinkTypes.Hierarchy-Reverse","url":"https://vstsdemos.visualstudio.com/_apis/wit/workItems/20661","attributes":{"isLocked":"False"}}],"url":"https://vstsdemos.visualstudio.com/_apis/wit/workItems/20662"},{"id":20673,"rev":2,"fields":{"System.AreaPath":"My Health Clinic2","System.TeamProject":"My Health Clinic2","System.IterationPath":"My Health Clinic2\\Sprint 1","System.WorkItemType":"Task","System.State":"Done","System.Reason":"Work finished","System.CreatedDate":"2016-08-02T23:40:17.753Z","System.CreatedBy":"Alyx Damonne <alyx.damonne@outlook.com>","System.ChangedDate":"2016-09-14T12:48:14.283Z","System.ChangedBy":"Prafulla Nagaraj <prafullanagaraj@hotmail.com>","System.Title":"Add existing code to Team Project.","Microsoft.VSTS.Scheduling.Effort":0.0,"System.Description":"Add existing code to Team Project.","System.AssignedTo":"Alyx Damonne <alyx.damonne@outlook.com>","Microsoft.VSTS.Scheduling.RemainingWork":0.0,"Microsoft.VSTS.Common.Priority":2.0,"System.Tags":null,"Microsoft.VSTS.TCM.Steps":null,"Microsoft.VSTS.TCM.Parameters":null,"Microsoft.VSTS.TCM.LocalDataSource":null,"Microsoft.VSTS.TCM.AutomationStatus":null},"relations":null,"url":"https://vstsdemos.visualstudio.com/_apis/wit/workItems/20673"},{"id":21488,"rev":11,"fields":{"System.AreaPath":"My Health Clinic2\\Backend\\Web","System.TeamProject":"My Health Clinic2","System.IterationPath":"My Health Clinic2\\Sprint 2","System.WorkItemType":"Task","System.State":"Done","System.Reason":"Work finished","System.CreatedDate":"2016-08-31T21:10:54.703Z","System.CreatedBy":"Sachin Raj <sachin77@outlook.com>","System.ChangedDate":"2016-09-16T07:31:07.71Z","System.ChangedBy":"Prafulla Nagaraj <prafullanagaraj@hotmail.com>","System.Title":"Summary Page View","Microsoft.VSTS.Scheduling.Effort":0.0,"System.Description":null,"System.AssignedTo":"Craig Cambell <craig109@outlook.com>","Microsoft.VSTS.Scheduling.RemainingWork":0.0,"Microsoft.VSTS.Common.Priority":2.0,"System.Tags":null,"Microsoft.VSTS.TCM.Steps":null,"Microsoft.VSTS.TCM.Parameters":null,"Microsoft.VSTS.TCM.LocalDataSource":null,"Microsoft.VSTS.TCM.AutomationStatus":null},"relations":[{"rel":"System.LinkTypes.Hierarchy-Reverse","url":"https://vstsdemos.visualstudio.com/_apis/wit/workItems/20664","attributes":{"isLocked":"False"}},{"rel":"ArtifactLink","url":"vstfs:///Git/Commit/90b4fa5d-cc69-4b10-b23d-9b03c2077fe4%2f8f5b4c01-9e3a-4c58-86fa-b8dc6ebea384%2f4e1698c3f3e9192f1c498ab8fdb0e1f0c9011e0d","attributes":{"authorizedDate":"2016-09-10T08:56:41.48Z","id":"419621","resourceCreatedDate":"2016-09-10T08:56:41.48Z","resourceModifiedDate":"2016-09-10T08:56:41.48Z","revisedDate":"9999-01-01T00:00:00Z","name":"Fixed in Commit"}},{"rel":"ArtifactLink","url":"vstfs:///Git/PullRequestId/90b4fa5d-cc69-4b10-b23d-9b03c2077fe4%2f8f5b4c01-9e3a-4c58-86fa-b8dc6ebea384%2f178","attributes":{"authorizedDate":"2016-09-10T09:07:55.367Z","id":"419624","resourceCreatedDate":"2016-09-10T09:07:55.367Z","resourceModifiedDate":"2016-09-10T09:07:55.367Z","revisedDate":"9999-01-01T00:00:00Z","name":"Pull Request"}},{"rel":"ArtifactLink","url":"vstfs:///Git/Commit/90b4fa5d-cc69-4b10-b23d-9b03c2077fe4%2f8f5b4c01-9e3a-4c58-86fa-b8dc6ebea384%2fb50ac1a27edb2bc6577f9c0966639e1b72b06553","attributes":{"authorizedDate":"2016-09-10T09:30:44.487Z","id":"419632","resourceCreatedDate":"2016-09-10T09:30:44.487Z","resourceModifiedDate":"2016-09-10T09:30:44.487Z","revisedDate":"9999-01-01T00:00:00Z","name":"Fixed in Commit"}}],"url":"https://vstsdemos.visualstudio.com/_apis/wit/workItems/21488"},{"id":21493,"rev":10,"fields":{"System.AreaPath":"My Health Clinic2\\Xamarin","System.TeamProject":"My Health Clinic2","System.IterationPath":"My Health Clinic2\\Sprint 2","System.WorkItemType":"Task","System.State":"Done","System.Reason":"Work finished","System.CreatedDate":"2016-08-31T21:12:43.743Z","System.CreatedBy":"Sachin Raj <sachin77@outlook.com>","System.ChangedDate":"2016-09-16T07:31:12.177Z","System.ChangedBy":"Prafulla Nagaraj <prafullanagaraj@hotmail.com>","System.Title":"Next pill -reminder","Microsoft.VSTS.Scheduling.Effort":0.0,"System.Description":null,"System.AssignedTo":"Sachin Raj <sachin77@outlook.com>","Microsoft.VSTS.Scheduling.RemainingWork":0.0,"Microsoft.VSTS.Common.Priority":2.0,"System.Tags":null,"Microsoft.VSTS.TCM.Steps":null,"Microsoft.VSTS.TCM.Parameters":null,"Microsoft.VSTS.TCM.LocalDataSource":null,"Microsoft.VSTS.TCM.AutomationStatus":null},"relations":[{"rel":"System.LinkTypes.Hierarchy-Reverse","url":"https://vstsdemos.visualstudio.com/_apis/wit/workItems/20647","attributes":{"isLocked":"False"}}],"url":"https://vstsdemos.visualstudio.com/_apis/wit/workItems/21493"},{"id":21498,"rev":12,"fields":{"System.AreaPath":"My Health Clinic2\\Cordova","System.TeamProject":"My Health Clinic2","System.IterationPath":"My Health Clinic2\\Sprint 2","System.WorkItemType":"Task","System.State":"Done","System.Reason":"Work finished","System.CreatedDate":"2016-09-06T21:10:41.31Z","System.CreatedBy":"Sachin Raj <sachin77@outlook.com>","System.ChangedDate":"2016-09-16T07:31:12.88Z","System.ChangedBy":"Prafulla Nagaraj <prafullanagaraj@hotmail.com>","System.Title":"Sync Directory","Microsoft.VSTS.Scheduling.Effort":0.0,"System.Description":null,"System.AssignedTo":"Prafulla Nagaraj <prafullanagaraj@hotmail.com>","Microsoft.VSTS.Scheduling.RemainingWork":0.0,"Microsoft.VSTS.Common.Priority":2.0,"System.Tags":null,"Microsoft.VSTS.TCM.Steps":null,"Microsoft.VSTS.TCM.Parameters":null,"Microsoft.VSTS.TCM.LocalDataSource":null,"Microsoft.VSTS.TCM.AutomationStatus":null},"relations":[{"rel":"System.LinkTypes.Hierarchy-Reverse","url":"https://vstsdemos.visualstudio.com/_apis/wit/workItems/20640","attributes":{"isLocked":"False"}}],"url":"https://vstsdemos.visualstudio.com/_apis/wit/workItems/21498"},{"id":21496,"rev":8,"fields":{"System.AreaPath":"My Health Clinic2\\Xamarin","System.TeamProject":"My Health Clinic2","System.IterationPath":"My Health Clinic2\\Sprint 2","System.WorkItemType":"Task","System.State":"Done","System.Reason":"Work finished","System.CreatedDate":"2016-08-31T21:13:45.1Z","System.CreatedBy":"Sachin Raj <sachin77@outlook.com>","System.ChangedDate":"2016-09-16T07:31:17.18Z","System.ChangedBy":"Prafulla Nagaraj <prafullanagaraj@hotmail.com>","System.Title":"Send terms by email","Microsoft.VSTS.Scheduling.Effort":0.0,"System.Description":null,"System.AssignedTo":"Noah Munger <nmunger109@outlook.com>","Microsoft.VSTS.Scheduling.RemainingWork":0.0,"Microsoft.VSTS.Common.Priority":2.0,"System.Tags":null,"Microsoft.VSTS.TCM.Steps":null,"Microsoft.VSTS.TCM.Parameters":null,"Microsoft.VSTS.TCM.LocalDataSource":null,"Microsoft.VSTS.TCM.AutomationStatus":null},"relations":[{"rel":"System.LinkTypes.Hierarchy-Reverse","url":"https://vstsdemos.visualstudio.com/_apis/wit/workItems/20649","attributes":{"isLocked":"False"}}],"url":"https://vstsdemos.visualstudio.com/_apis/wit/workItems/21496"},{"id":21495,"rev":7,"fields":{"System.AreaPath":"My Health Clinic2\\Xamarin","System.TeamProject":"My Health Clinic2","System.IterationPath":"My Health Clinic2\\Sprint 2","System.WorkItemType":"Task","System.State":"Done","System.Reason":"Work finished","System.CreatedDate":"2016-08-31T21:13:30.473Z","System.CreatedBy":"Sachin Raj <sachin77@outlook.com>","System.ChangedDate":"2016-09-16T07:31:18.707Z","System.ChangedBy":"Prafulla Nagaraj <prafullanagaraj@hotmail.com>","System.Title":"Terms agreement screen","Microsoft.VSTS.Scheduling.Effort":0.0,"System.Description":null,"System.AssignedTo":"Lowell Steel <lsteel109@outlook.com>","Microsoft.VSTS.Scheduling.RemainingWork":0.0,"Microsoft.VSTS.Common.Priority":2.0,"System.Tags":null,"Microsoft.VSTS.TCM.Steps":null,"Microsoft.VSTS.TCM.Parameters":null,"Microsoft.VSTS.TCM.LocalDataSource":null,"Microsoft.VSTS.TCM.AutomationStatus":null},"relations":[{"rel":"System.LinkTypes.Hierarchy-Reverse","url":"https://vstsdemos.visualstudio.com/_apis/wit/workItems/20649","attributes":{"isLocked":"False"}}],"url":"https://vstsdemos.visualstudio.com/_apis/wit/workItems/21495"},{"id":21701,"rev":11,"fields":{"System.AreaPath":"My Health Clinic2\\Xamarin","System.TeamProject":"My Health Clinic2","System.IterationPath":"My Health Clinic2\\Sprint 3","System.WorkItemType":"Task","System.State":"Done","System.Reason":"Work finished","System.CreatedDate":"2016-09-16T07:33:03.813Z","System.CreatedBy":"Prafulla Nagaraj <prafullanagaraj@hotmail.com>","System.ChangedDate":"2016-10-12T07:14:20.17Z","System.ChangedBy":"Prafulla Nagaraj <prafullanagaraj@hotmail.com>","System.Title":"Authentication","Microsoft.VSTS.Scheduling.Effort":0.0,"System.Description":null,"System.AssignedTo":"Christina Kelly <ckelly109@outlook.com>","Microsoft.VSTS.Scheduling.RemainingWork":0.0,"Microsoft.VSTS.Common.Priority":2.0,"System.Tags":null,"Microsoft.VSTS.TCM.Steps":null,"Microsoft.VSTS.TCM.Parameters":null,"Microsoft.VSTS.TCM.LocalDataSource":null,"Microsoft.VSTS.TCM.AutomationStatus":null},"relations":[{"rel":"System.LinkTypes.Hierarchy-Reverse","url":"https://vstsdemos.visualstudio.com/_apis/wit/workItems/20650","attributes":{"isLocked":"False"}}],"url":"https://vstsdemos.visualstudio.com/_apis/wit/workItems/21701"},{"id":21702,"rev":13,"fields":{"System.AreaPath":"My Health Clinic2\\Xamarin","System.TeamProject":"My Health Clinic2","System.IterationPath":"My Health Clinic2\\Sprint 3","System.WorkItemType":"Task","System.State":"Done","System.Reason":"Work finished","System.CreatedDate":"2016-09-16T07:33:30.763Z","System.CreatedBy":"Prafulla Nagaraj <prafullanagaraj@hotmail.com>","System.ChangedDate":"2016-10-12T07:14:21.69Z","System.ChangedBy":"Prafulla Nagaraj <prafullanagaraj@hotmail.com>","System.Title":"SIgn-in with O365","Microsoft.VSTS.Scheduling.Effort":0.0,"System.Description":null,"System.AssignedTo":"Craig Cambell <craig109@outlook.com>","Microsoft.VSTS.Scheduling.RemainingWork":0.0,"Microsoft.VSTS.Common.Priority":2.0,"System.Tags":null,"Microsoft.VSTS.TCM.Steps":null,"Microsoft.VSTS.TCM.Parameters":null,"Microsoft.VSTS.TCM.LocalDataSource":null,"Microsoft.VSTS.TCM.AutomationStatus":null},"relations":[{"rel":"System.LinkTypes.Hierarchy-Reverse","url":"https://vstsdemos.visualstudio.com/_apis/wit/workItems/20650","attributes":{"isLocked":"False"}}],"url":"https://vstsdemos.visualstudio.com/_apis/wit/workItems/21702"},{"id":21703,"rev":12,"fields":{"System.AreaPath":"My Health Clinic2\\Xamarin","System.TeamProject":"My Health Clinic2","System.IterationPath":"My Health Clinic2\\Sprint 3","System.WorkItemType":"Task","System.State":"Done","System.Reason":"Work finished","System.CreatedDate":"2016-09-16T07:33:43.057Z","System.CreatedBy":"Prafulla Nagaraj <prafullanagaraj@hotmail.com>","System.ChangedDate":"2016-10-12T07:14:23.207Z","System.ChangedBy":"Prafulla Nagaraj <prafullanagaraj@hotmail.com>","System.Title":"Settings","Microsoft.VSTS.Scheduling.Effort":0.0,"System.Description":null,"System.AssignedTo":"Lowell Steel <lsteel109@outlook.com>","Microsoft.VSTS.Scheduling.RemainingWork":0.0,"Microsoft.VSTS.Common.Priority":2.0,"System.Tags":null,"Microsoft.VSTS.TCM.Steps":null,"Microsoft.VSTS.TCM.Parameters":null,"Microsoft.VSTS.TCM.LocalDataSource":null,"Microsoft.VSTS.TCM.AutomationStatus":null},"relations":[{"rel":"System.LinkTypes.Hierarchy-Reverse","url":"https://vstsdemos.visualstudio.com/_apis/wit/workItems/20652","attributes":{"isLocked":"False"}}],"url":"https://vstsdemos.visualstudio.com/_apis/wit/workItems/21703"},{"id":21704,"rev":7,"fields":{"System.AreaPath":"My Health Clinic2\\Xamarin","System.TeamProject":"My Health Clinic2","System.IterationPath":"My Health Clinic2\\Sprint 3","System.WorkItemType":"Task","System.State":"Done","System.Reason":"Work finished","System.CreatedDate":"2016-09-16T07:33:53.51Z","System.CreatedBy":"Prafulla Nagaraj <prafullanagaraj@hotmail.com>","System.ChangedDate":"2016-10-12T07:14:24.48Z","System.ChangedBy":"Prafulla Nagaraj <prafullanagaraj@hotmail.com>","System.Title":"My medical appointments","Microsoft.VSTS.Scheduling.Effort":0.0,"System.Description":null,"System.AssignedTo":"Prafulla Nagaraj <prafullanagaraj@hotmail.com>","Microsoft.VSTS.Scheduling.RemainingWork":0.0,"Microsoft.VSTS.Common.Priority":2.0,"System.Tags":null,"Microsoft.VSTS.TCM.Steps":null,"Microsoft.VSTS.TCM.Parameters":null,"Microsoft.VSTS.TCM.LocalDataSource":null,"Microsoft.VSTS.TCM.AutomationStatus":null},"relations":[{"rel":"System.LinkTypes.Hierarchy-Reverse","url":"https://vstsdemos.visualstudio.com/_apis/wit/workItems/20652","attributes":{"isLocked":"False"}}],"url":"https://vstsdemos.visualstudio.com/_apis/wit/workItems/21704"},{"id":21705,"rev":9,"fields":{"System.AreaPath":"My Health Clinic2\\Xamarin","System.TeamProject":"My Health Clinic2","System.IterationPath":"My Health Clinic2\\Sprint 3","System.WorkItemType":"Task","System.State":"Done","System.Reason":"Work finished","System.CreatedDate":"2016-09-16T07:34:05.883Z","System.CreatedBy":"Prafulla Nagaraj <prafullanagaraj@hotmail.com>","System.ChangedDate":"2016-10-12T07:14:26.217Z","System.ChangedBy":"Prafulla Nagaraj <prafullanagaraj@hotmail.com>","System.Title":"Patients to visit","Microsoft.VSTS.Scheduling.Effort":0.0,"System.Description":null,"System.AssignedTo":"Sachin Raj <sachin77@outlook.com>","Microsoft.VSTS.Scheduling.RemainingWork":0.0,"Microsoft.VSTS.Common.Priority":2.0,"System.Tags":null,"Microsoft.VSTS.TCM.Steps":null,"Microsoft.VSTS.TCM.Parameters":null,"Microsoft.VSTS.TCM.LocalDataSource":null,"Microsoft.VSTS.TCM.AutomationStatus":null},"relations":[{"rel":"System.LinkTypes.Hierarchy-Reverse","url":"https://vstsdemos.visualstudio.com/_apis/wit/workItems/20652","attributes":{"isLocked":"False"}}],"url":"https://vstsdemos.visualstudio.com/_apis/wit/workItems/21705"},{"id":21706,"rev":11,"fields":{"System.AreaPath":"My Health Clinic2\\Xamarin","System.TeamProject":"My Health Clinic2","System.IterationPath":"My Health Clinic2\\Sprint 3","System.WorkItemType":"Task","System.State":"Done","System.Reason":"Work finished","System.CreatedDate":"2016-09-16T07:34:15.807Z","System.CreatedBy":"Prafulla Nagaraj <prafullanagaraj@hotmail.com>","System.ChangedDate":"2016-10-12T07:14:27.697Z","System.ChangedBy":"Prafulla Nagaraj <prafullanagaraj@hotmail.com>","System.Title":"Visited patients","Microsoft.VSTS.Scheduling.Effort":0.0,"System.Description":null,"System.AssignedTo":"Prafulla Nagaraj <prafullanagaraj@hotmail.com>","Microsoft.VSTS.Scheduling.RemainingWork":0.0,"Microsoft.VSTS.Common.Priority":2.0,"System.Tags":null,"Microsoft.VSTS.TCM.Steps":null,"Microsoft.VSTS.TCM.Parameters":null,"Microsoft.VSTS.TCM.LocalDataSource":null,"Microsoft.VSTS.TCM.AutomationStatus":null},"relations":[{"rel":"System.LinkTypes.Hierarchy-Reverse","url":"https://vstsdemos.visualstudio.com/_apis/wit/workItems/20652","attributes":{"isLocked":"False"}}],"url":"https://vstsdemos.visualstudio.com/_apis/wit/workItems/21706"},{"id":21707,"rev":11,"fields":{"System.AreaPath":"My Health Clinic2\\Xamarin","System.TeamProject":"My Health Clinic2","System.IterationPath":"My Health Clinic2\\Sprint 3","System.WorkItemType":"Task","System.State":"Done","System.Reason":"Work finished","System.CreatedDate":"2016-09-16T07:34:27.22Z","System.CreatedBy":"Prafulla Nagaraj <prafullanagaraj@hotmail.com>","System.ChangedDate":"2016-10-12T07:14:29.58Z","System.ChangedBy":"Prafulla Nagaraj <prafullanagaraj@hotmail.com>","System.Title":"Health stories showcase","Microsoft.VSTS.Scheduling.Effort":0.0,"System.Description":null,"System.AssignedTo":"Sachin Raj <sachin77@outlook.com>","Microsoft.VSTS.Scheduling.RemainingWork":0.0,"Microsoft.VSTS.Common.Priority":2.0,"System.Tags":null,"Microsoft.VSTS.TCM.Steps":null,"Microsoft.VSTS.TCM.Parameters":null,"Microsoft.VSTS.TCM.LocalDataSource":null,"Microsoft.VSTS.TCM.AutomationStatus":null},"relations":[{"rel":"System.LinkTypes.Hierarchy-Reverse","url":"https://vstsdemos.visualstudio.com/_apis/wit/workItems/20651","attributes":{"isLocked":"False"}}],"url":"https://vstsdemos.visualstudio.com/_apis/wit/workItems/21707"},{"id":21708,"rev":8,"fields":{"System.AreaPath":"My Health Clinic2\\Xamarin","System.TeamProject":"My Health Clinic2","System.IterationPath":"My Health Clinic2\\Sprint 3","System.WorkItemType":"Task","System.State":"Done","System.Reason":"Work finished","System.CreatedDate":"2016-09-16T07:34:38.53Z","System.CreatedBy":"Prafulla Nagaraj <prafullanagaraj@hotmail.com>","System.ChangedDate":"2016-10-12T07:14:30.913Z","System.ChangedBy":"Prafulla Nagaraj <prafullanagaraj@hotmail.com>","System.Title":"Add existing code to Team Project.","Microsoft.VSTS.Scheduling.Effort":0.0,"System.Description":null,"System.AssignedTo":"Prafulla Nagaraj <prafullanagaraj@hotmail.com>","Microsoft.VSTS.Scheduling.RemainingWork":0.0,"Microsoft.VSTS.Common.Priority":2.0,"System.Tags":null,"Microsoft.VSTS.TCM.Steps":null,"Microsoft.VSTS.TCM.Parameters":null,"Microsoft.VSTS.TCM.LocalDataSource":null,"Microsoft.VSTS.TCM.AutomationStatus":null},"relations":[{"rel":"System.LinkTypes.Hierarchy-Reverse","url":"https://vstsdemos.visualstudio.com/_apis/wit/workItems/20651","attributes":{"isLocked":"False"}}],"url":"https://vstsdemos.visualstudio.com/_apis/wit/workItems/21708"},{"id":21709,"rev":6,"fields":{"System.AreaPath":"My Health Clinic2\\Xamarin","System.TeamProject":"My Health Clinic2","System.IterationPath":"My Health Clinic2\\Sprint 3","System.WorkItemType":"Task","System.State":"Done","System.Reason":"Work finished","System.CreatedDate":"2016-09-16T07:34:50.08Z","System.CreatedBy":"Prafulla Nagaraj <prafullanagaraj@hotmail.com>","System.ChangedDate":"2016-10-12T07:14:36.81Z","System.ChangedBy":"Prafulla Nagaraj <prafullanagaraj@hotmail.com>","System.Title":"Summary Page View","Microsoft.VSTS.Scheduling.Effort":0.0,"System.Description":null,"System.AssignedTo":"Lowell Steel <lsteel109@outlook.com>","Microsoft.VSTS.Scheduling.RemainingWork":0.0,"Microsoft.VSTS.Common.Priority":2.0,"System.Tags":null,"Microsoft.VSTS.TCM.Steps":null,"Microsoft.VSTS.TCM.Parameters":null,"Microsoft.VSTS.TCM.LocalDataSource":null,"Microsoft.VSTS.TCM.AutomationStatus":null},"relations":[{"rel":"System.LinkTypes.Hierarchy-Reverse","url":"https://vstsdemos.visualstudio.com/_apis/wit/workItems/20651","attributes":{"isLocked":"False"}}],"url":"https://vstsdemos.visualstudio.com/_apis/wit/workItems/21709"},{"id":21710,"rev":8,"fields":{"System.AreaPath":"My Health Clinic2\\Backend\\Web","System.TeamProject":"My Health Clinic2","System.IterationPath":"My Health Clinic2\\Sprint 3","System.WorkItemType":"Task","System.State":"Done","System.Reason":"Work finished","System.CreatedDate":"2016-09-16T07:35:02.83Z","System.CreatedBy":"Prafulla Nagaraj <prafullanagaraj@hotmail.com>","System.ChangedDate":"2016-10-12T07:14:38.54Z","System.ChangedBy":"Prafulla Nagaraj <prafullanagaraj@hotmail.com>","System.Title":"Backed Query","Microsoft.VSTS.Scheduling.Effort":0.0,"System.Description":null,"System.AssignedTo":"Craig Cambell <craig109@outlook.com>","Microsoft.VSTS.Scheduling.RemainingWork":0.0,"Microsoft.VSTS.Common.Priority":2.0,"System.Tags":null,"Microsoft.VSTS.TCM.Steps":null,"Microsoft.VSTS.TCM.Parameters":null,"Microsoft.VSTS.TCM.LocalDataSource":null,"Microsoft.VSTS.TCM.AutomationStatus":null},"relations":[{"rel":"System.LinkTypes.Hierarchy-Reverse","url":"https://vstsdemos.visualstudio.com/_apis/wit/workItems/20666","attributes":{"isLocked":"False"}}],"url":"https://vstsdemos.visualstudio.com/_apis/wit/workItems/21710"},{"id":21711,"rev":8,"fields":{"System.AreaPath":"My Health Clinic2\\Backend\\Web","System.TeamProject":"My Health Clinic2","System.IterationPath":"My Health Clinic2\\Sprint 3","System.WorkItemType":"Task","System.State":"Done","System.Reason":"Work finished","System.CreatedDate":"2016-09-16T07:35:11.17Z","System.CreatedBy":"Prafulla Nagaraj <prafullanagaraj@hotmail.com>","System.ChangedDate":"2016-10-12T07:14:40.793Z","System.ChangedBy":"Prafulla Nagaraj <prafullanagaraj@hotmail.com>","System.Title":"AD Integration","Microsoft.VSTS.Scheduling.Effort":0.0,"System.Description":null,"System.AssignedTo":"Christina Kelly <ckelly109@outlook.com>","Microsoft.VSTS.Scheduling.RemainingWork":0.0,"Microsoft.VSTS.Common.Priority":2.0,"System.Tags":null,"Microsoft.VSTS.TCM.Steps":null,"Microsoft.VSTS.TCM.Parameters":null,"Microsoft.VSTS.TCM.LocalDataSource":null,"Microsoft.VSTS.TCM.AutomationStatus":null},"relations":[{"rel":"System.LinkTypes.Hierarchy-Reverse","url":"https://vstsdemos.visualstudio.com/_apis/wit/workItems/20666","attributes":{"isLocked":"False"}}],"url":"https://vstsdemos.visualstudio.com/_apis/wit/workItems/21711"},{"id":21712,"rev":6,"fields":{"System.AreaPath":"My Health Clinic2\\Backend\\Web","System.TeamProject":"My Health Clinic2","System.IterationPath":"My Health Clinic2\\Sprint 3","System.WorkItemType":"Task","System.State":"Done","System.Reason":"Work finished","System.CreatedDate":"2016-09-16T07:35:20.453Z","System.CreatedBy":"Prafulla Nagaraj <prafullanagaraj@hotmail.com>","System.ChangedDate":"2016-10-12T07:14:42.2Z","System.ChangedBy":"Prafulla Nagaraj <prafullanagaraj@hotmail.com>","System.Title":"Navigation menu update","Microsoft.VSTS.Scheduling.Effort":0.0,"System.Description":null,"System.AssignedTo":"Craig Cambell <craig109@outlook.com>","Microsoft.VSTS.Scheduling.RemainingWork":0.0,"Microsoft.VSTS.Common.Priority":2.0,"System.Tags":null,"Microsoft.VSTS.TCM.Steps":null,"Microsoft.VSTS.TCM.Parameters":null,"Microsoft.VSTS.TCM.LocalDataSource":null,"Microsoft.VSTS.TCM.AutomationStatus":null},"relations":[{"rel":"System.LinkTypes.Hierarchy-Reverse","url":"https://vstsdemos.visualstudio.com/_apis/wit/workItems/20666","attributes":{"isLocked":"False"}}],"url":"https://vstsdemos.visualstudio.com/_apis/wit/workItems/21712"},{"id":21713,"rev":9,"fields":{"System.AreaPath":"My Health Clinic2\\Backend\\Web","System.TeamProject":"My Health Clinic2","System.IterationPath":"My Health Clinic2\\Sprint 3","System.WorkItemType":"Task","System.State":"Done","System.Reason":"Work finished","System.CreatedDate":"2016-09-16T07:35:32.027Z","System.CreatedBy":"Prafulla Nagaraj <prafullanagaraj@hotmail.com>","System.ChangedDate":"2016-10-12T07:14:43.707Z","System.ChangedBy":"Prafulla Nagaraj <prafullanagaraj@hotmail.com>","System.Title":"Form - New Appointment","Microsoft.VSTS.Scheduling.Effort":0.0,"System.Description":null,"System.AssignedTo":"Prafulla Nagaraj <prafullanagaraj@hotmail.com>","Microsoft.VSTS.Scheduling.RemainingWork":0.0,"Microsoft.VSTS.Common.Priority":2.0,"System.Tags":null,"Microsoft.VSTS.TCM.Steps":null,"Microsoft.VSTS.TCM.Parameters":null,"Microsoft.VSTS.TCM.LocalDataSource":null,"Microsoft.VSTS.TCM.AutomationStatus":null},"relations":[{"rel":"System.LinkTypes.Hierarchy-Reverse","url":"https://vstsdemos.visualstudio.com/_apis/wit/workItems/20668","attributes":{"isLocked":"False"}}],"url":"https://vstsdemos.visualstudio.com/_apis/wit/workItems/21713"},{"id":21715,"rev":9,"fields":{"System.AreaPath":"My Health Clinic2\\Backend\\Web","System.TeamProject":"My Health Clinic2","System.IterationPath":"My Health Clinic2\\Sprint 3","System.WorkItemType":"Task","System.State":"Done","System.Reason":"Work finished","System.CreatedDate":"2016-09-16T07:35:49.247Z","System.CreatedBy":"Prafulla Nagaraj <prafullanagaraj@hotmail.com>","System.ChangedDate":"2016-10-12T07:14:45.13Z","System.ChangedBy":"Prafulla Nagaraj <prafullanagaraj@hotmail.com>","System.Title":"Update settings for reminders","Microsoft.VSTS.Scheduling.Effort":0.0,"System.Description":null,"System.AssignedTo":"Lowell Steel <lsteel109@outlook.com>","Microsoft.VSTS.Scheduling.RemainingWork":0.0,"Microsoft.VSTS.Common.Priority":2.0,"System.Tags":null,"Microsoft.VSTS.TCM.Steps":null,"Microsoft.VSTS.TCM.Parameters":null,"Microsoft.VSTS.TCM.LocalDataSource":null,"Microsoft.VSTS.TCM.AutomationStatus":null},"relations":[{"rel":"System.LinkTypes.Hierarchy-Reverse","url":"https://vstsdemos.visualstudio.com/_apis/wit/workItems/20668","attributes":{"isLocked":"False"}}],"url":"https://vstsdemos.visualstudio.com/_apis/wit/workItems/21715"},{"id":21716,"rev":21,"fields":{"System.AreaPath":"My Health Clinic2\\Backend\\Web","System.TeamProject":"My Health Clinic2","System.IterationPath":"My Health Clinic2\\Sprint 4","System.WorkItemType":"Task","System.State":"Done","System.Reason":"Work finished","System.CreatedDate":"2016-09-16T07:35:59.503Z","System.CreatedBy":"Prafulla Nagaraj <prafullanagaraj@hotmail.com>","System.ChangedDate":"2017-01-10T13:46:47.46Z","System.ChangedBy":"frbouter <frbouter@microsoft.com>","System.Title":"Terms agreement screen","Microsoft.VSTS.Scheduling.Effort":0.0,"System.Description":null,"System.AssignedTo":"Christina Kelly <ckelly109@outlook.com>","Microsoft.VSTS.Scheduling.RemainingWork":0.0,"Microsoft.VSTS.Common.Priority":2.0,"System.Tags":null,"Microsoft.VSTS.TCM.Steps":null,"Microsoft.VSTS.TCM.Parameters":null,"Microsoft.VSTS.TCM.LocalDataSource":null,"Microsoft.VSTS.TCM.AutomationStatus":null},"relations":[{"rel":"System.LinkTypes.Hierarchy-Reverse","url":"https://vstsdemos.visualstudio.com/_apis/wit/workItems/20650","attributes":{"isLocked":"False"}}],"url":"https://vstsdemos.visualstudio.com/_apis/wit/workItems/21716"},{"id":21717,"rev":12,"fields":{"System.AreaPath":"My Health Clinic2\\Backend\\Web","System.TeamProject":"My Health Clinic2","System.IterationPath":"My Health Clinic2\\Sprint 4","System.WorkItemType":"Task","System.State":"Done","System.Reason":"Work finished","System.CreatedDate":"2016-09-16T07:36:09.033Z","System.CreatedBy":"Prafulla Nagaraj <prafullanagaraj@hotmail.com>","System.ChangedDate":"2017-01-11T13:57:57.617Z","System.ChangedBy":"frbouter <frbouter@microsoft.com>","System.Title":"Send terms by email","Microsoft.VSTS.Scheduling.Effort":0.0,"System.Description":null,"System.AssignedTo":"Craig Cambell <craig109@outlook.com>","Microsoft.VSTS.Scheduling.RemainingWork":0.0,"Microsoft.VSTS.Common.Priority":2.0,"System.Tags":null,"Microsoft.VSTS.TCM.Steps":null,"Microsoft.VSTS.TCM.Parameters":null,"Microsoft.VSTS.TCM.LocalDataSource":null,"Microsoft.VSTS.TCM.AutomationStatus":null},"relations":[{"rel":"System.LinkTypes.Hierarchy-Reverse","url":"https://vstsdemos.visualstudio.com/_apis/wit/workItems/20650","attributes":{"isLocked":"False"}}],"url":"https://vstsdemos.visualstudio.com/_apis/wit/workItems/21717"}],"HttpStatusCode":0}