{
  "count": 29,
  "value": [
    {
      "id": 330,
      "rev": 1,
      "fields": {
        "System.AreaPath": "PartsUnlimited",
        "System.TeamProject": "PartsUnlimited",
        "System.IterationPath": "PartsUnlimited\\Sprint 3",
        "System.WorkItemType": "Task",
        "System.State": "To Do",
        "System.Reason": "New task",
        "System.CreatedDate": "2017-03-02T12:14:12.763Z",
        "System.CreatedBy": "Sachin Raj <sachin77@outlook.com>",
        "System.ChangedDate": "2017-03-02T12:14:12.763Z",
        "System.ChangedBy": "Sachin Raj <sachin77@outlook.com>",
        "System.Title": "Update navigation",
        "Microsoft.VSTS.Scheduling.Effort": 0.0,
        "System.Description": "Update navigation",
        "System.AssignedTo": "lsteel109@outlook.com",
        "Microsoft.VSTS.Scheduling.RemainingWork": 0.0,
        "Microsoft.VSTS.Common.Priority": 2.0,
        "System.BoardLane": null,
        "System.Tags": null,
        "Microsoft.VSTS.TCM.Steps": null,
        "Microsoft.VSTS.TCM.Parameters": null,
        "Microsoft.VSTS.TCM.LocalDataSource": null,
        "Microsoft.VSTS.TCM.AutomationStatus": null,
        "System.History": null
      },
      "relations": null,
      "url": "https://vstsdemodata.visualstudio.com/_apis/wit/workItems/330"
    },
    {
      "id": 331,
      "rev": 1,
      "fields": {
        "System.AreaPath": "PartsUnlimited",
        "System.TeamProject": "PartsUnlimited",
        "System.IterationPath": "PartsUnlimited\\Sprint 3",
        "System.WorkItemType": "Task",
        "System.State": "To Do",
        "System.Reason": "New task",
        "System.CreatedDate": "2017-03-02T12:14:12.983Z",
        "System.CreatedBy": "Sachin Raj <sachin77@outlook.com>",
        "System.ChangedDate": "2017-03-02T12:14:12.983Z",
        "System.ChangedBy": "Sachin Raj <sachin77@outlook.com>",
        "System.Title": "Add categories",
        "Microsoft.VSTS.Scheduling.Effort": 0.0,
        "System.Description": "Add categories",
        "System.AssignedTo": "nmunger109@outlook.com",
        "Microsoft.VSTS.Scheduling.RemainingWork": 0.0,
        "Microsoft.VSTS.Common.Priority": 2.0,
        "System.BoardLane": null,
        "System.Tags": null,
        "Microsoft.VSTS.TCM.Steps": null,
        "Microsoft.VSTS.TCM.Parameters": null,
        "Microsoft.VSTS.TCM.LocalDataSource": null,
        "Microsoft.VSTS.TCM.AutomationStatus": null,
        "System.History": null
      },
      "relations": null,
      "url": "https://vstsdemodata.visualstudio.com/_apis/wit/workItems/331"
    },
    {
      "id": 332,
      "rev": 1,
      "fields": {
        "System.AreaPath": "PartsUnlimited",
        "System.TeamProject": "PartsUnlimited",
        "System.IterationPath": "PartsUnlimited\\Sprint 3",
        "System.WorkItemType": "Task",
        "System.State": "To Do",
        "System.Reason": "New task",
        "System.CreatedDate": "2017-03-02T12:14:13.203Z",
        "System.CreatedBy": "Sachin Raj <sachin77@outlook.com>",
        "System.ChangedDate": "2017-03-02T12:14:13.203Z",
        "System.ChangedBy": "Sachin Raj <sachin77@outlook.com>",
        "System.Title": "New bug",
        "Microsoft.VSTS.Scheduling.Effort": 0.0,
        "System.Description": "New bug",
        "System.AssignedTo": "craig109@outlook.com",
        "Microsoft.VSTS.Scheduling.RemainingWork": 0.0,
        "Microsoft.VSTS.Common.Priority": 2.0,
        "System.BoardLane": null,
        "System.Tags": null,
        "Microsoft.VSTS.TCM.Steps": null,
        "Microsoft.VSTS.TCM.Parameters": null,
        "Microsoft.VSTS.TCM.LocalDataSource": null,
        "Microsoft.VSTS.TCM.AutomationStatus": null,
        "System.History": null
      },
      "relations": null,
      "url": "https://vstsdemodata.visualstudio.com/_apis/wit/workItems/332"
    },
    {
      "id": 333,
      "rev": 1,
      "fields": {
        "System.AreaPath": "PartsUnlimited",
        "System.TeamProject": "PartsUnlimited",
        "System.IterationPath": "PartsUnlimited\\Sprint 3",
        "System.WorkItemType": "Task",
        "System.State": "To Do",
        "System.Reason": "New task",
        "System.CreatedDate": "2017-03-02T12:14:13.5Z",
        "System.CreatedBy": "Sachin Raj <sachin77@outlook.com>",
        "System.ChangedDate": "2017-03-02T12:14:13.5Z",
        "System.ChangedBy": "Sachin Raj <sachin77@outlook.com>",
        "System.Title": "Be sure and include a dark theme",
        "Microsoft.VSTS.Scheduling.Effort": 0.0,
        "System.Description": "Be sure and include a dark theme",
        "System.AssignedTo": "craig109@outlook.com",
        "Microsoft.VSTS.Scheduling.RemainingWork": 0.0,
        "Microsoft.VSTS.Common.Priority": 2.0,
        "System.BoardLane": null,
        "System.Tags": null,
        "Microsoft.VSTS.TCM.Steps": null,
        "Microsoft.VSTS.TCM.Parameters": null,
        "Microsoft.VSTS.TCM.LocalDataSource": null,
        "Microsoft.VSTS.TCM.AutomationStatus": null,
        "System.History": null
      },
      "relations": null,
      "url": "https://vstsdemodata.visualstudio.com/_apis/wit/workItems/333"
    },
    {
      "id": 334,
      "rev": 1,
      "fields": {
        "System.AreaPath": "PartsUnlimited",
        "System.TeamProject": "PartsUnlimited",
        "System.IterationPath": "PartsUnlimited\\Sprint 6",
        "System.WorkItemType": "Task",
        "System.State": "To Do",
        "System.Reason": "New task",
        "System.CreatedDate": "2017-03-02T12:14:13.733Z",
        "System.CreatedBy": "Sachin Raj <sachin77@outlook.com>",
        "System.ChangedDate": "2017-03-02T12:14:13.733Z",
        "System.ChangedBy": "Sachin Raj <sachin77@outlook.com>",
        "System.Title": "testzzz",
        "Microsoft.VSTS.Scheduling.Effort": 0.0,
        "System.Description": "testzzz",
        "System.AssignedTo": "nmunger109@outlook.com",
        "Microsoft.VSTS.Scheduling.RemainingWork": 0.0,
        "Microsoft.VSTS.Common.Priority": 2.0,
        "System.BoardLane": null,
        "System.Tags": null,
        "Microsoft.VSTS.TCM.Steps": null,
        "Microsoft.VSTS.TCM.Parameters": null,
        "Microsoft.VSTS.TCM.LocalDataSource": null,
        "Microsoft.VSTS.TCM.AutomationStatus": null,
        "System.History": null
      },
      "relations": null,
      "url": "https://vstsdemodata.visualstudio.com/_apis/wit/workItems/334"
    },
    {
      "id": 335,
      "rev": 1,
      "fields": {
        "System.AreaPath": "PartsUnlimited",
        "System.TeamProject": "PartsUnlimited",
        "System.IterationPath": "PartsUnlimited\\Sprint 6",
        "System.WorkItemType": "Task",
        "System.State": "To Do",
        "System.Reason": "New task",
        "System.CreatedDate": "2017-03-02T12:14:13.937Z",
        "System.CreatedBy": "Sachin Raj <sachin77@outlook.com>",
        "System.ChangedDate": "2017-03-02T12:14:13.937Z",
        "System.ChangedBy": "Sachin Raj <sachin77@outlook.com>",
        "System.Title": "Update the prices on web pages",
        "Microsoft.VSTS.Scheduling.Effort": 0.0,
        "System.Description": "Update the prices on web pages",
        "System.AssignedTo": "lsteel109@outlook.com",
        "Microsoft.VSTS.Scheduling.RemainingWork": 8.0,
        "Microsoft.VSTS.Common.Priority": 2.0,
        "System.BoardLane": null,
        "System.Tags": null,
        "Microsoft.VSTS.TCM.Steps": null,
        "Microsoft.VSTS.TCM.Parameters": null,
        "Microsoft.VSTS.TCM.LocalDataSource": null,
        "Microsoft.VSTS.TCM.AutomationStatus": null,
        "System.History": null
      },
      "relations": null,
      "url": "https://vstsdemodata.visualstudio.com/_apis/wit/workItems/335"
    },
    {
      "id": 336,
      "rev": 1,
      "fields": {
        "System.AreaPath": "PartsUnlimited",
        "System.TeamProject": "PartsUnlimited",
        "System.IterationPath": "PartsUnlimited\\Sprint 6",
        "System.WorkItemType": "Task",
        "System.State": "To Do",
        "System.Reason": "New task",
        "System.CreatedDate": "2017-03-02T12:14:14.14Z",
        "System.CreatedBy": "Sachin Raj <sachin77@outlook.com>",
        "System.ChangedDate": "2017-03-02T12:14:14.14Z",
        "System.ChangedBy": "Sachin Raj <sachin77@outlook.com>",
        "System.Title": "Develop the logic to display geo dependent prices",
        "Microsoft.VSTS.Scheduling.Effort": 0.0,
        "System.Description": "Develop the logic to display geo dependent prices",
        "System.AssignedTo": "ckelly109@outlook.com",
        "Microsoft.VSTS.Scheduling.RemainingWork": 5.0,
        "Microsoft.VSTS.Common.Priority": 2.0,
        "System.BoardLane": null,
        "System.Tags": null,
        "Microsoft.VSTS.TCM.Steps": null,
        "Microsoft.VSTS.TCM.Parameters": null,
        "Microsoft.VSTS.TCM.LocalDataSource": null,
        "Microsoft.VSTS.TCM.AutomationStatus": null,
        "System.History": null
      },
      "relations": null,
      "url": "https://vstsdemodata.visualstudio.com/_apis/wit/workItems/336"
    },
    {
      "id": 337,
      "rev": 1,
      "fields": {
        "System.AreaPath": "PartsUnlimited",
        "System.TeamProject": "PartsUnlimited",
        "System.IterationPath": "PartsUnlimited\\Sprint 6",
        "System.WorkItemType": "Task",
        "System.State": "To Do",
        "System.Reason": "New task",
        "System.CreatedDate": "2017-03-02T12:14:14.343Z",
        "System.CreatedBy": "Sachin Raj <sachin77@outlook.com>",
        "System.ChangedDate": "2017-03-02T12:14:14.343Z",
        "System.ChangedBy": "Sachin Raj <sachin77@outlook.com>",
        "System.Title": "Check new pricing for lights, brakes and wheels",
        "Microsoft.VSTS.Scheduling.Effort": 0.0,
        "System.Description": "Check new pricing for lights, brakes and wheels",
        "System.AssignedTo": "craig109@outlook.com",
        "Microsoft.VSTS.Scheduling.RemainingWork": 3.0,
        "Microsoft.VSTS.Common.Priority": 2.0,
        "System.BoardLane": null,
        "System.Tags": null,
        "Microsoft.VSTS.TCM.Steps": null,
        "Microsoft.VSTS.TCM.Parameters": null,
        "Microsoft.VSTS.TCM.LocalDataSource": null,
        "Microsoft.VSTS.TCM.AutomationStatus": null,
        "System.History": null
      },
      "relations": null,
      "url": "https://vstsdemodata.visualstudio.com/_apis/wit/workItems/337"
    },
    {
      "id": 341,
      "rev": 2,
      "fields": {
        "System.AreaPath": "PartsUnlimited",
        "System.TeamProject": "PartsUnlimited",
        "System.IterationPath": "PartsUnlimited\\Sprint 2",
        "System.WorkItemType": "Task",
        "System.State": "To Do",
        "System.Reason": "New task",
        "System.CreatedDate": "2017-03-02T12:14:15.187Z",
        "System.CreatedBy": "Sachin Raj <sachin77@outlook.com>",
        "System.ChangedDate": "2017-03-07T22:07:19.62Z",
        "System.ChangedBy": "Sachin Raj <sachin77@outlook.com>",
        "System.Title": "Update product selection section to move items to wishlist",
        "Microsoft.VSTS.Scheduling.Effort": 0.0,
        "System.Description": "Automation to include creation of the SQL DB on Azure",
        "System.AssignedTo": "nmunger109@outlook.com",
        "Microsoft.VSTS.Scheduling.RemainingWork": 12.0,
        "Microsoft.VSTS.Common.Priority": 2.0,
        "System.BoardLane": null,
        "System.Tags": null,
        "Microsoft.VSTS.TCM.Steps": null,
        "Microsoft.VSTS.TCM.Parameters": null,
        "Microsoft.VSTS.TCM.LocalDataSource": null,
        "Microsoft.VSTS.TCM.AutomationStatus": null,
        "System.History": null
      },
      "relations": [
        {
          "rel": "System.LinkTypes.Hierarchy-Reverse",
          "url": "https://vstsdemodata.visualstudio.com/_apis/wit/workItems/321",
          "attributes": {
            "isLocked": "False",
            "comment": "Making a new link for the dependency"
          }
        }
      ],
      "url": "https://vstsdemodata.visualstudio.com/_apis/wit/workItems/341"
    },
    {
      "id": 602,
      "rev": 3,
      "fields": {
        "System.AreaPath": "PartsUnlimited",
        "System.TeamProject": "PartsUnlimited",
        "System.IterationPath": "PartsUnlimited\\Sprint 4",
        "System.WorkItemType": "Task",
        "System.State": "To Do",
        "System.Reason": "New task",
        "System.CreatedDate": "2017-05-04T13:37:43.803Z",
        "System.CreatedBy": "Craig Cambell <craig109@outlook.com>",
        "System.ChangedDate": "2017-05-04T13:46:51.05Z",
        "System.ChangedBy": "Christina Kelly <ckelly109@outlook.com>",
        "System.Title": "Add Terms and Conditions for Sale & Support in Layout.cshtml Page",
        "Microsoft.VSTS.Scheduling.Effort": 0.0,
        "System.Description": null,
        "System.AssignedTo": "Christina Kelly <ckelly109@outlook.com>",
        "Microsoft.VSTS.Scheduling.RemainingWork": 0.0,
        "Microsoft.VSTS.Common.Priority": 2.0,
        "System.BoardLane": null,
        "System.Tags": null,
        "Microsoft.VSTS.TCM.Steps": null,
        "Microsoft.VSTS.TCM.Parameters": null,
        "Microsoft.VSTS.TCM.LocalDataSource": null,
        "Microsoft.VSTS.TCM.AutomationStatus": null,
        "System.History": null
      },
      "relations": [
        {
          "rel": "ArtifactLink",
          "url": "vstfs:///Git/PullRequestId/$projectId$%2F$RepositoryId$%2F$Added Terms and Conditions for Sale in Layout.cshtml Page$",
          "attributes": {
            "authorizedDate": "2017-05-04T13:46:51.05Z",
            "id": "225235",
            "resourceCreatedDate": "2017-05-04T13:46:51.05Z",
            "resourceModifiedDate": "2017-05-04T13:46:51.05Z",
            "revisedDate": "9999-01-01T00:00:00Z",
            "name": "Pull Request"
          }
        }
      ],
      "url": "https://vstsdemodata.visualstudio.com/_apis/wit/workItems/602"
    },
    {
      "id": 344,
      "rev": 1,
      "fields": {
        "System.AreaPath": "PartsUnlimited",
        "System.TeamProject": "PartsUnlimited",
        "System.IterationPath": "PartsUnlimited\\Sprint 6",
        "System.WorkItemType": "Task",
        "System.State": "In Progress",
        "System.Reason": "Work started",
        "System.CreatedDate": "2017-03-02T12:14:15.81Z",
        "System.CreatedBy": "Sachin Raj <sachin77@outlook.com>",
        "System.ChangedDate": "2017-03-02T12:14:15.81Z",
        "System.ChangedBy": "Sachin Raj <sachin77@outlook.com>",
        "System.Title": "Trial CD in staging",
        "Microsoft.VSTS.Scheduling.Effort": 0.0,
        "System.Description": "Trial CD in staging",
        "System.AssignedTo": "craig109@outlook.com",
        "Microsoft.VSTS.Scheduling.RemainingWork": 0.0,
        "Microsoft.VSTS.Common.Priority": 2.0,
        "System.BoardLane": null,
        "System.Tags": null,
        "Microsoft.VSTS.TCM.Steps": null,
        "Microsoft.VSTS.TCM.Parameters": null,
        "Microsoft.VSTS.TCM.LocalDataSource": null,
        "Microsoft.VSTS.TCM.AutomationStatus": null,
        "System.History": null
      },
      "relations": null,
      "url": "https://vstsdemodata.visualstudio.com/_apis/wit/workItems/344"
    },
    {
      "id": 358,
      "rev": 2,
      "fields": {
        "System.AreaPath": "PartsUnlimited",
        "System.TeamProject": "PartsUnlimited",
        "System.IterationPath": "PartsUnlimited\\Sprint 6",
        "System.WorkItemType": "Task",
        "System.State": "In Progress",
        "System.Reason": "Additional work found",
        "System.CreatedDate": "2017-03-02T12:14:19.047Z",
        "System.CreatedBy": "Sachin Raj <sachin77@outlook.com>",
        "System.ChangedDate": "2017-03-07T21:55:03.743Z",
        "System.ChangedBy": "Sachin Raj <sachin77@outlook.com>",
        "System.Title": "Approval for price change",
        "Microsoft.VSTS.Scheduling.Effort": 0.0,
        "System.Description": "",
        "System.AssignedTo": "Sachin Raj <sachin77@outlook.com>",
        "Microsoft.VSTS.Scheduling.RemainingWork": 0.0,
        "Microsoft.VSTS.Common.Priority": 3.0,
        "System.BoardLane": null,
        "System.Tags": null,
        "Microsoft.VSTS.TCM.Steps": null,
        "Microsoft.VSTS.TCM.Parameters": null,
        "Microsoft.VSTS.TCM.LocalDataSource": null,
        "Microsoft.VSTS.TCM.AutomationStatus": null,
        "System.History": null
      },
      "relations": [
        {
          "rel": "System.LinkTypes.Hierarchy-Reverse",
          "url": "https://vstsdemodata.visualstudio.com/_apis/wit/workItems/328",
          "attributes": {
            "isLocked": "False",
            "comment": "Making a new link for the dependency"
          }
        }
      ],
      "url": "https://vstsdemodata.visualstudio.com/_apis/wit/workItems/358"
    },
    {
      "id": 345,
      "rev": 2,
      "fields": {
        "System.AreaPath": "PartsUnlimited",
        "System.TeamProject": "PartsUnlimited",
        "System.IterationPath": "PartsUnlimited\\Sprint 2",
        "System.WorkItemType": "Task",
        "System.State": "In Progress",
        "System.Reason": "Work started",
        "System.CreatedDate": "2017-03-02T12:14:16.25Z",
        "System.CreatedBy": "Sachin Raj <sachin77@outlook.com>",
        "System.ChangedDate": "2017-03-07T22:07:52.807Z",
        "System.ChangedBy": "Sachin Raj <sachin77@outlook.com>",
        "System.Title": "Add wishlist page",
        "Microsoft.VSTS.Scheduling.Effort": 0.0,
        "System.Description": "",
        "System.AssignedTo": "craig109@outlook.com",
        "Microsoft.VSTS.Scheduling.RemainingWork": 8.0,
        "Microsoft.VSTS.Common.Priority": 2.0,
        "System.BoardLane": null,
        "System.Tags": null,
        "Microsoft.VSTS.TCM.Steps": null,
        "Microsoft.VSTS.TCM.Parameters": null,
        "Microsoft.VSTS.TCM.LocalDataSource": null,
        "Microsoft.VSTS.TCM.AutomationStatus": null,
        "System.History": null
      },
      "relations": [
        {
          "rel": "System.LinkTypes.Hierarchy-Reverse",
          "url": "https://vstsdemodata.visualstudio.com/_apis/wit/workItems/321",
          "attributes": {
            "isLocked": "False",
            "comment": "Making a new link for the dependency"
          }
        }
      ],
      "url": "https://vstsdemodata.visualstudio.com/_apis/wit/workItems/345"
    },
    {
      "id": 359,
      "rev": 3,
      "fields": {
        "System.AreaPath": "PartsUnlimited",
        "System.TeamProject": "PartsUnlimited",
        "System.IterationPath": "PartsUnlimited\\Sprint 6",
        "System.WorkItemType": "Task",
        "System.State": "In Progress",
        "System.Reason": "Additional work found",
        "System.CreatedDate": "2017-03-02T12:14:19.263Z",
        "System.CreatedBy": "Sachin Raj <sachin77@outlook.com>",
        "System.ChangedDate": "2017-03-07T22:11:19.023Z",
        "System.ChangedBy": "Sachin Raj <sachin77@outlook.com>",
        "System.Title": "Display price change in the product section",
        "Microsoft.VSTS.Scheduling.Effort": 0.0,
        "System.Description": "The price change for a product should be displayed with a proper graphic depending on whether the price increase or decrease",
        "System.AssignedTo": "craig109@outlook.com",
        "Microsoft.VSTS.Scheduling.RemainingWork": 0.0,
        "Microsoft.VSTS.Common.Priority": 2.0,
        "System.BoardLane": null,
        "System.Tags": null,
        "Microsoft.VSTS.TCM.Steps": null,
        "Microsoft.VSTS.TCM.Parameters": null,
        "Microsoft.VSTS.TCM.LocalDataSource": null,
        "Microsoft.VSTS.TCM.AutomationStatus": null,
        "System.History": null
      },
      "relations": [
        {
          "rel": "System.LinkTypes.Hierarchy-Reverse",
          "url": "https://vstsdemodata.visualstudio.com/_apis/wit/workItems/328",
          "attributes": {
            "isLocked": "False",
            "comment": "Making a new link for the dependency"
          }
        }
      ],
      "url": "https://vstsdemodata.visualstudio.com/_apis/wit/workItems/359"
    },
    {
      "id": 360,
      "rev": 3,
      "fields": {
        "System.AreaPath": "PartsUnlimited",
        "System.TeamProject": "PartsUnlimited",
        "System.IterationPath": "PartsUnlimited\\Sprint 6",
        "System.WorkItemType": "Task",
        "System.State": "In Progress",
        "System.Reason": "Additional work found",
        "System.CreatedDate": "2017-03-02T12:14:19.467Z",
        "System.CreatedBy": "Sachin Raj <sachin77@outlook.com>",
        "System.ChangedDate": "2017-03-07T22:11:30.337Z",
        "System.ChangedBy": "Sachin Raj <sachin77@outlook.com>",
        "System.Title": "Update price changes to unfinished orders",
        "Microsoft.VSTS.Scheduling.Effort": 0.0,
        "System.Description": "",
        "System.AssignedTo": "craig109@outlook.com",
        "Microsoft.VSTS.Scheduling.RemainingWork": 0.0,
        "Microsoft.VSTS.Common.Priority": 2.0,
        "System.BoardLane": null,
        "System.Tags": null,
        "Microsoft.VSTS.TCM.Steps": null,
        "Microsoft.VSTS.TCM.Parameters": null,
        "Microsoft.VSTS.TCM.LocalDataSource": null,
        "Microsoft.VSTS.TCM.AutomationStatus": null,
        "System.History": null
      },
      "relations": [
        {
          "rel": "System.LinkTypes.Hierarchy-Reverse",
          "url": "https://vstsdemodata.visualstudio.com/_apis/wit/workItems/328",
          "attributes": {
            "isLocked": "False",
            "comment": "Making a new link for the dependency"
          }
        }
      ],
      "url": "https://vstsdemodata.visualstudio.com/_apis/wit/workItems/360"
    },
    {
      "id": 356,
      "rev": 3,
      "fields": {
        "System.AreaPath": "PartsUnlimited",
        "System.TeamProject": "PartsUnlimited",
        "System.IterationPath": "PartsUnlimited\\Sprint 6",
        "System.WorkItemType": "Task",
        "System.State": "In Progress",
        "System.Reason": "Additional work found",
        "System.CreatedDate": "2017-03-02T12:14:18.623Z",
        "System.CreatedBy": "Sachin Raj <sachin77@outlook.com>",
        "System.ChangedDate": "2017-03-07T22:12:04.533Z",
        "System.ChangedBy": "Sachin Raj <sachin77@outlook.com>",
        "System.Title": "Design Feedback page",
        "Microsoft.VSTS.Scheduling.Effort": 0.0,
        "System.Description": "Design the UI for a feedback section/page",
        "System.AssignedTo": "Sachin Raj <sachin77@outlook.com>",
        "Microsoft.VSTS.Scheduling.RemainingWork": 0.0,
        "Microsoft.VSTS.Common.Priority": 2.0,
        "System.BoardLane": null,
        "System.Tags": null,
        "Microsoft.VSTS.TCM.Steps": null,
        "Microsoft.VSTS.TCM.Parameters": null,
        "Microsoft.VSTS.TCM.LocalDataSource": null,
        "Microsoft.VSTS.TCM.AutomationStatus": null,
        "System.History": null
      },
      "relations": [
        {
          "rel": "System.LinkTypes.Hierarchy-Reverse",
          "url": "https://vstsdemodata.visualstudio.com/_apis/wit/workItems/326",
          "attributes": {
            "isLocked": "False",
            "comment": "Making a new link for the dependency"
          }
        }
      ],
      "url": "https://vstsdemodata.visualstudio.com/_apis/wit/workItems/356"
    },
    {
      "id": 357,
      "rev": 2,
      "fields": {
        "System.AreaPath": "PartsUnlimited",
        "System.TeamProject": "PartsUnlimited",
        "System.IterationPath": "PartsUnlimited\\Sprint 6",
        "System.WorkItemType": "Task",
        "System.State": "In Progress",
        "System.Reason": "Additional work found",
        "System.CreatedDate": "2017-03-02T12:14:18.843Z",
        "System.CreatedBy": "Sachin Raj <sachin77@outlook.com>",
        "System.ChangedDate": "2017-03-07T22:13:00.877Z",
        "System.ChangedBy": "Sachin Raj <sachin77@outlook.com>",
        "System.Title": "Create Storyboard",
        "Microsoft.VSTS.Scheduling.Effort": 0.0,
        "System.Description": "Create Storyboard that shows the customer experience of providing feedback&nbsp;",
        "System.AssignedTo": "Sachin Raj <sachin77@outlook.com>",
        "Microsoft.VSTS.Scheduling.RemainingWork": 0.0,
        "Microsoft.VSTS.Common.Priority": 2.0,
        "System.BoardLane": null,
        "System.Tags": null,
        "Microsoft.VSTS.TCM.Steps": null,
        "Microsoft.VSTS.TCM.Parameters": null,
        "Microsoft.VSTS.TCM.LocalDataSource": null,
        "Microsoft.VSTS.TCM.AutomationStatus": null,
        "System.History": null
      },
      "relations": [
        {
          "rel": "System.LinkTypes.Hierarchy-Reverse",
          "url": "https://vstsdemodata.visualstudio.com/_apis/wit/workItems/326",
          "attributes": {
            "isLocked": "False",
            "comment": "Making a new link for the dependency"
          }
        }
      ],
      "url": "https://vstsdemodata.visualstudio.com/_apis/wit/workItems/357"
    },
    {
      "id": 352,
      "rev": 1,
      "fields": {
        "System.AreaPath": "PartsUnlimited",
        "System.TeamProject": "PartsUnlimited",
        "System.IterationPath": "PartsUnlimited\\Sprint 6",
        "System.WorkItemType": "Task",
        "System.State": "Done",
        "System.Reason": "Work finished",
        "System.CreatedDate": "2017-03-02T12:14:17.703Z",
        "System.CreatedBy": "Sachin Raj <sachin77@outlook.com>",
        "System.ChangedDate": "2017-03-02T12:14:17.703Z",
        "System.ChangedBy": "Sachin Raj <sachin77@outlook.com>",
        "System.Title": "Storyboard the Dashboard",
        "Microsoft.VSTS.Scheduling.Effort": 0.0,
        "System.Description": "Storyboard the Dashboard",
        "System.AssignedTo": "ckelly109@outlook.com",
        "Microsoft.VSTS.Scheduling.RemainingWork": 0.0,
        "Microsoft.VSTS.Common.Priority": 2.0,
        "System.BoardLane": null,
        "System.Tags": null,
        "Microsoft.VSTS.TCM.Steps": null,
        "Microsoft.VSTS.TCM.Parameters": null,
        "Microsoft.VSTS.TCM.LocalDataSource": null,
        "Microsoft.VSTS.TCM.AutomationStatus": null,
        "System.History": null
      },
      "relations": null,
      "url": "https://vstsdemodata.visualstudio.com/_apis/wit/workItems/352"
    },
    {
      "id": 353,
      "rev": 1,
      "fields": {
        "System.AreaPath": "PartsUnlimited",
        "System.TeamProject": "PartsUnlimited",
        "System.IterationPath": "PartsUnlimited\\Sprint 6",
        "System.WorkItemType": "Task",
        "System.State": "Done",
        "System.Reason": "Work finished",
        "System.CreatedDate": "2017-03-02T12:14:17.953Z",
        "System.CreatedBy": "Sachin Raj <sachin77@outlook.com>",
        "System.ChangedDate": "2017-03-02T12:14:17.953Z",
        "System.ChangedBy": "Sachin Raj <sachin77@outlook.com>",
        "System.Title": "Develop the logic to display geo dependent prices",
        "Microsoft.VSTS.Scheduling.Effort": 0.0,
        "System.Description": "Develop the logic to display geo dependent prices",
        "System.AssignedTo": "craig109@outlook.com",
        "Microsoft.VSTS.Scheduling.RemainingWork": 0.0,
        "Microsoft.VSTS.Common.Priority": 2.0,
        "System.BoardLane": null,
        "System.Tags": null,
        "Microsoft.VSTS.TCM.Steps": null,
        "Microsoft.VSTS.TCM.Parameters": null,
        "Microsoft.VSTS.TCM.LocalDataSource": null,
        "Microsoft.VSTS.TCM.AutomationStatus": null,
        "System.History": null
      },
      "relations": null,
      "url": "https://vstsdemodata.visualstudio.com/_apis/wit/workItems/353"
    },
    {
      "id": 354,
      "rev": 1,
      "fields": {
        "System.AreaPath": "PartsUnlimited",
        "System.TeamProject": "PartsUnlimited",
        "System.IterationPath": "PartsUnlimited\\Sprint 6",
        "System.WorkItemType": "Task",
        "System.State": "Done",
        "System.Reason": "Work finished",
        "System.CreatedDate": "2017-03-02T12:14:18.203Z",
        "System.CreatedBy": "Sachin Raj <sachin77@outlook.com>",
        "System.ChangedDate": "2017-03-02T12:14:18.203Z",
        "System.ChangedBy": "Sachin Raj <sachin77@outlook.com>",
        "System.Title": "Prototype Azure WS",
        "Microsoft.VSTS.Scheduling.Effort": 0.0,
        "System.Description": "Prototype Azure WS",
        "System.AssignedTo": "lsteel109@outlook.com",
        "Microsoft.VSTS.Scheduling.RemainingWork": 0.0,
        "Microsoft.VSTS.Common.Priority": 2.0,
        "System.BoardLane": null,
        "System.Tags": null,
        "Microsoft.VSTS.TCM.Steps": null,
        "Microsoft.VSTS.TCM.Parameters": null,
        "Microsoft.VSTS.TCM.LocalDataSource": null,
        "Microsoft.VSTS.TCM.AutomationStatus": null,
        "System.History": null
      },
      "relations": null,
      "url": "https://vstsdemodata.visualstudio.com/_apis/wit/workItems/354"
    },
    {
      "id": 355,
      "rev": 1,
      "fields": {
        "System.AreaPath": "PartsUnlimited",
        "System.TeamProject": "PartsUnlimited",
        "System.IterationPath": "PartsUnlimited\\Sprint 6",
        "System.WorkItemType": "Task",
        "System.State": "Done",
        "System.Reason": "Work finished",
        "System.CreatedDate": "2017-03-02T12:14:18.42Z",
        "System.CreatedBy": "Sachin Raj <sachin77@outlook.com>",
        "System.ChangedDate": "2017-03-02T12:14:18.42Z",
        "System.ChangedBy": "Sachin Raj <sachin77@outlook.com>",
        "System.Title": "Storyboard the Azure WS",
        "Microsoft.VSTS.Scheduling.Effort": 0.0,
        "System.Description": "Storyboard the Azure WS",
        "System.AssignedTo": "craig109@outlook.com",
        "Microsoft.VSTS.Scheduling.RemainingWork": 0.0,
        "Microsoft.VSTS.Common.Priority": 2.0,
        "System.BoardLane": null,
        "System.Tags": null,
        "Microsoft.VSTS.TCM.Steps": null,
        "Microsoft.VSTS.TCM.Parameters": null,
        "Microsoft.VSTS.TCM.LocalDataSource": null,
        "Microsoft.VSTS.TCM.AutomationStatus": null,
        "System.History": null
      },
      "relations": null,
      "url": "https://vstsdemodata.visualstudio.com/_apis/wit/workItems/355"
    },
    {
      "id": 363,
      "rev": 1,
      "fields": {
        "System.AreaPath": "PartsUnlimited",
        "System.TeamProject": "PartsUnlimited",
        "System.IterationPath": "PartsUnlimited\\Sprint 1",
        "System.WorkItemType": "Task",
        "System.State": "Done",
        "System.Reason": "Work finished",
        "System.CreatedDate": "2017-03-02T12:14:20.093Z",
        "System.CreatedBy": "Sachin Raj <sachin77@outlook.com>",
        "System.ChangedDate": "2017-03-02T12:14:20.093Z",
        "System.ChangedBy": "Sachin Raj <sachin77@outlook.com>",
        "System.Title": "Create Storyboard",
        "Microsoft.VSTS.Scheduling.Effort": 0.0,
        "System.Description": "Create Storyboard",
        "System.AssignedTo": "Sachin Raj <sachin77@outlook.com>",
        "Microsoft.VSTS.Scheduling.RemainingWork": 0.0,
        "Microsoft.VSTS.Common.Priority": 2.0,
        "System.BoardLane": null,
        "System.Tags": null,
        "Microsoft.VSTS.TCM.Steps": null,
        "Microsoft.VSTS.TCM.Parameters": null,
        "Microsoft.VSTS.TCM.LocalDataSource": null,
        "Microsoft.VSTS.TCM.AutomationStatus": null,
        "System.History": null
      },
      "relations": [
        {
          "rel": "System.LinkTypes.Hierarchy-Reverse",
          "url": "https://vstsdemodata.visualstudio.com/_apis/wit/workItems/329",
          "attributes": {
            "isLocked": "False",
            "comment": "Making a new link for the dependency"
          }
        }
      ],
      "url": "https://vstsdemodata.visualstudio.com/_apis/wit/workItems/363"
    },
    {
      "id": 362,
      "rev": 4,
      "fields": {
        "System.AreaPath": "PartsUnlimited",
        "System.TeamProject": "PartsUnlimited",
        "System.IterationPath": "PartsUnlimited\\Sprint 1",
        "System.WorkItemType": "Task",
        "System.State": "Done",
        "System.Reason": "Work finished",
        "System.CreatedDate": "2017-03-02T12:14:19.89Z",
        "System.CreatedBy": "Sachin Raj <sachin77@outlook.com>",
        "System.ChangedDate": "2017-03-07T22:15:45.243Z",
        "System.ChangedBy": "Sachin Raj <sachin77@outlook.com>",
        "System.Title": "Update Orders page",
        "Microsoft.VSTS.Scheduling.Effort": 0.0,
        "System.Description": "Update Orders page",
        "System.AssignedTo": "Sachin Raj <sachin77@outlook.com>",
        "Microsoft.VSTS.Scheduling.RemainingWork": 0.0,
        "Microsoft.VSTS.Common.Priority": 2.0,
        "System.BoardLane": null,
        "System.Tags": null,
        "Microsoft.VSTS.TCM.Steps": null,
        "Microsoft.VSTS.TCM.Parameters": null,
        "Microsoft.VSTS.TCM.LocalDataSource": null,
        "Microsoft.VSTS.TCM.AutomationStatus": null,
        "System.History": null
      },
      "relations": [
        {
          "rel": "System.LinkTypes.Hierarchy-Reverse",
          "url": "https://vstsdemodata.visualstudio.com/_apis/wit/workItems/329",
          "attributes": {
            "isLocked": "False",
            "comment": "Making a new link for the dependency"
          }
        }
      ],
      "url": "https://vstsdemodata.visualstudio.com/_apis/wit/workItems/362"
    },
    {
      "id": 348,
      "rev": 4,
      "fields": {
        "System.AreaPath": "PartsUnlimited",
        "System.TeamProject": "PartsUnlimited",
        "System.IterationPath": "PartsUnlimited\\Sprint 1",
        "System.WorkItemType": "Task",
        "System.State": "Done",
        "System.Reason": "Work finished",
        "System.CreatedDate": "2017-03-02T12:14:16.843Z",
        "System.CreatedBy": "Sachin Raj <sachin77@outlook.com>",
        "System.ChangedDate": "2017-03-07T22:15:47.37Z",
        "System.ChangedBy": "Sachin Raj <sachin77@outlook.com>",
        "System.Title": "Add shipment tracking page",
        "Microsoft.VSTS.Scheduling.Effort": 0.0,
        "System.Description": "",
        "System.AssignedTo": "ckelly109@outlook.com",
        "Microsoft.VSTS.Scheduling.RemainingWork": 0.0,
        "Microsoft.VSTS.Common.Priority": 3.0,
        "System.BoardLane": null,
        "System.Tags": null,
        "Microsoft.VSTS.TCM.Steps": null,
        "Microsoft.VSTS.TCM.Parameters": null,
        "Microsoft.VSTS.TCM.LocalDataSource": null,
        "Microsoft.VSTS.TCM.AutomationStatus": null,
        "System.History": null
      },
      "relations": [
        {
          "rel": "System.LinkTypes.Hierarchy-Reverse",
          "url": "https://vstsdemodata.visualstudio.com/_apis/wit/workItems/329",
          "attributes": {
            "isLocked": "False",
            "comment": "Making a new link for the dependency"
          }
        }
      ],
      "url": "https://vstsdemodata.visualstudio.com/_apis/wit/workItems/348"
    },
    {
      "id": 347,
      "rev": 4,
      "fields": {
        "System.AreaPath": "PartsUnlimited",
        "System.TeamProject": "PartsUnlimited",
        "System.IterationPath": "PartsUnlimited\\Sprint 1",
        "System.WorkItemType": "Task",
        "System.State": "Done",
        "System.Reason": "Work finished",
        "System.CreatedDate": "2017-03-02T12:14:16.64Z",
        "System.CreatedBy": "Sachin Raj <sachin77@outlook.com>",
        "System.ChangedDate": "2017-03-07T22:15:50.34Z",
        "System.ChangedBy": "Sachin Raj <sachin77@outlook.com>",
        "System.Title": "Generate gift return slip",
        "Microsoft.VSTS.Scheduling.Effort": 0.0,
        "System.Description": "",
        "System.AssignedTo": "Sachin Raj <sachin77@outlook.com>",
        "Microsoft.VSTS.Scheduling.RemainingWork": 0.0,
        "Microsoft.VSTS.Common.Priority": 2.0,
        "System.BoardLane": null,
        "System.Tags": null,
        "Microsoft.VSTS.TCM.Steps": null,
        "Microsoft.VSTS.TCM.Parameters": null,
        "Microsoft.VSTS.TCM.LocalDataSource": null,
        "Microsoft.VSTS.TCM.AutomationStatus": null,
        "System.History": null
      },
      "relations": [
        {
          "rel": "System.LinkTypes.Hierarchy-Reverse",
          "url": "https://vstsdemodata.visualstudio.com/_apis/wit/workItems/325",
          "attributes": {
            "isLocked": "False",
            "comment": "Making a new link for the dependency"
          }
        }
      ],
      "url": "https://vstsdemodata.visualstudio.com/_apis/wit/workItems/347"
    },
    {
      "id": 349,
      "rev": 4,
      "fields": {
        "System.AreaPath": "PartsUnlimited",
        "System.TeamProject": "PartsUnlimited",
        "System.IterationPath": "PartsUnlimited\\Sprint 1",
        "System.WorkItemType": "Task",
        "System.State": "Done",
        "System.Reason": "Work finished",
        "System.CreatedDate": "2017-03-02T12:14:17.03Z",
        "System.CreatedBy": "Sachin Raj <sachin77@outlook.com>",
        "System.ChangedDate": "2017-03-07T22:15:53.073Z",
        "System.ChangedBy": "Sachin Raj <sachin77@outlook.com>",
        "System.Title": "Update Gift selection page to include a message",
        "Microsoft.VSTS.Scheduling.Effort": 0.0,
        "System.Description": "",
        "System.AssignedTo": "ckelly109@outlook.com",
        "Microsoft.VSTS.Scheduling.RemainingWork": 0.0,
        "Microsoft.VSTS.Common.Priority": 2.0,
        "System.BoardLane": null,
        "System.Tags": null,
        "Microsoft.VSTS.TCM.Steps": null,
        "Microsoft.VSTS.TCM.Parameters": null,
        "Microsoft.VSTS.TCM.LocalDataSource": null,
        "Microsoft.VSTS.TCM.AutomationStatus": null,
        "System.History": null
      },
      "relations": [
        {
          "rel": "System.LinkTypes.Hierarchy-Reverse",
          "url": "https://vstsdemodata.visualstudio.com/_apis/wit/workItems/325",
          "attributes": {
            "isLocked": "False",
            "comment": "Making a new link for the dependency"
          }
        }
      ],
      "url": "https://vstsdemodata.visualstudio.com/_apis/wit/workItems/349"
    },
    {
      "id": 343,
      "rev": 4,
      "fields": {
        "System.AreaPath": "PartsUnlimited",
        "System.TeamProject": "PartsUnlimited",
        "System.IterationPath": "PartsUnlimited\\Sprint 2",
        "System.WorkItemType": "Task",
        "System.State": "Done",
        "System.Reason": "Work finished",
        "System.CreatedDate": "2017-03-02T12:14:15.61Z",
        "System.CreatedBy": "Sachin Raj <sachin77@outlook.com>",
        "System.ChangedDate": "2017-03-07T22:17:26.92Z",
        "System.ChangedBy": "Sachin Raj <sachin77@outlook.com>",
        "System.Title": "Update order confirmation page",
        "Microsoft.VSTS.Scheduling.Effort": 0.0,
        "System.Description": "",
        "System.AssignedTo": "craig109@outlook.com",
        "Microsoft.VSTS.Scheduling.RemainingWork": 0.0,
        "Microsoft.VSTS.Common.Priority": 2.0,
        "System.BoardLane": null,
        "System.Tags": null,
        "Microsoft.VSTS.TCM.Steps": null,
        "Microsoft.VSTS.TCM.Parameters": null,
        "Microsoft.VSTS.TCM.LocalDataSource": null,
        "Microsoft.VSTS.TCM.AutomationStatus": null,
        "System.History": null
      },
      "relations": [
        {
          "rel": "System.LinkTypes.Hierarchy-Reverse",
          "url": "https://vstsdemodata.visualstudio.com/_apis/wit/workItems/320",
          "attributes": {
            "isLocked": "False",
            "comment": "Making a new link for the dependency"
          }
        }
      ],
      "url": "https://vstsdemodata.visualstudio.com/_apis/wit/workItems/343"
    },
    {
      "id": 338,
      "rev": 5,
      "fields": {
        "System.AreaPath": "PartsUnlimited",
        "System.TeamProject": "PartsUnlimited",
        "System.IterationPath": "PartsUnlimited\\Sprint 2",
        "System.WorkItemType": "Task",
        "System.State": "Done",
        "System.Reason": "Work finished",
        "System.CreatedDate": "2017-03-02T12:14:14.547Z",
        "System.CreatedBy": "Sachin Raj <sachin77@outlook.com>",
        "System.ChangedDate": "2017-03-08T23:25:21.43Z",
        "System.ChangedBy": "Sachin Raj <sachin77@outlook.com>",
        "System.Title": "Calculate delivery date based on shipping method",
        "Microsoft.VSTS.Scheduling.Effort": 0.0,
        "System.Description": "",
        "System.AssignedTo": "Sachin Raj <sachin77@outlook.com>",
        "Microsoft.VSTS.Scheduling.RemainingWork": 0.0,
        "Microsoft.VSTS.Common.Priority": 2.0,
        "System.BoardLane": null,
        "System.Tags": null,
        "Microsoft.VSTS.TCM.Steps": null,
        "Microsoft.VSTS.TCM.Parameters": null,
        "Microsoft.VSTS.TCM.LocalDataSource": null,
        "Microsoft.VSTS.TCM.AutomationStatus": null,
        "System.History": null
      },
      "relations": [
        {
          "rel": "System.LinkTypes.Hierarchy-Reverse",
          "url": "https://vstsdemodata.visualstudio.com/_apis/wit/workItems/320",
          "attributes": {
            "isLocked": "False",
            "comment": "Making a new link for the dependency"
          }
        }
      ],
      "url": "https://vstsdemodata.visualstudio.com/_apis/wit/workItems/338"
    },
    {
      "id": 340,
      "rev": 4,
      "fields": {
        "System.AreaPath": "PartsUnlimited",
        "System.TeamProject": "PartsUnlimited",
        "System.IterationPath": "PartsUnlimited\\Sprint 6",
        "System.WorkItemType": "Task",
        "System.State": "Done",
        "System.Reason": "Work finished",
        "System.CreatedDate": "2017-03-02T12:14:14.953Z",
        "System.CreatedBy": "Sachin Raj <sachin77@outlook.com>",
        "System.ChangedDate": "2017-03-08T23:25:28.897Z",
        "System.ChangedBy": "Sachin Raj <sachin77@outlook.com>",
        "System.Title": "Update add product section with Gift options",
        "Microsoft.VSTS.Scheduling.Effort": 0.0,
        "System.Description": "",
        "System.AssignedTo": "nmunger109@outlook.com",
        "Microsoft.VSTS.Scheduling.RemainingWork": 0.0,
        "Microsoft.VSTS.Common.Priority": 2.0,
        "System.BoardLane": null,
        "System.Tags": null,
        "Microsoft.VSTS.TCM.Steps": null,
        "Microsoft.VSTS.TCM.Parameters": null,
        "Microsoft.VSTS.TCM.LocalDataSource": null,
        "Microsoft.VSTS.TCM.AutomationStatus": null,
        "System.History": null
      },
      "relations": [
        {
          "rel": "System.LinkTypes.Hierarchy-Reverse",
          "url": "https://vstsdemodata.visualstudio.com/_apis/wit/workItems/325",
          "attributes": {
            "isLocked": "False",
            "comment": "Making a new link for the dependency"
          }
        }
      ],
      "url": "https://vstsdemodata.visualstudio.com/_apis/wit/workItems/340"
    }
  ],
  "HttpStatusCode": 0
}