﻿{
  "name": "MyHealthClinic.Web",
  "build": [
    {
      "enabled": true,
      "continueOnError": false,
      "alwaysRun": false,
      "displayName": "Restore",
      "timeoutInMinutes": 0,
      "task": {
        "id": "5541a522-603c-47ad-91fc-a4b1d163081b",
        "versionSpec": "0.*",
        "definitionType": "task"
      },
      "inputs": {
        "command": "restore",
        "publishWebProjects": "true",
        "projects": "**/project.json;**/*.csproj",
        "arguments": "",
        "zipAfterPublish": "true"
      }
    },
    {
      "enabled": true,
      "continueOnError": false,
      "alwaysRun": false,
      "displayName": "npm install",
      "timeoutInMinutes": 0,
      "task": {
        "id": "fe47e961-9fa8-4106-8639-368c022d43ad",
        "versionSpec": "0.*",
        "definitionType": "task"
      },
      "inputs": {
         "cwd": "src/MyHealth.Web",
        "command": "install",
        "arguments": ""
      }
    },
    {
      "enabled": true,
      "continueOnError": false,
      "alwaysRun": false,
      "displayName": "gulp ",
      "timeoutInMinutes": 0,
      "task": {
        "id": "b82cfbe4-34f9-40f5-889e-c8842ca9dd9d",
        "versionSpec": "0.*",
        "definitionType": "task"
      },
      "inputs": {
       "gulpFile": "src/MyHealth.Web/gulpfile.js",
        "targets": "",
        "arguments": "",
        "cwd": "src/MyHealth.Web",
        "gulpjs": "node_modules/gulp/bin/gulp.js",
        "publishJUnitResults": "false",
        "testResultsFiles": "**/TEST-*.xml",
        "testRunTitle": "",
        "enableCodeCoverage": "false",
        "testFramework": "Mocha",
        "srcFiles": "",
        "testFiles": "test/*.js"
      }
    },
    {
      "enabled": true,
      "continueOnError": false,
      "alwaysRun": false,
      "displayName": "Build",
      "timeoutInMinutes": 0,
      "task": {
        "id": "5541a522-603c-47ad-91fc-a4b1d163081b",
        "versionSpec": "0.*",
        "definitionType": "task"
      },
      "inputs": {
        "command": "build",
        "publishWebProjects": "true",
        "projects": "**/project.json;**/*.csproj",
        "arguments": "--configuration $(BuildConfiguration)",
        "zipAfterPublish": "true"
      }
    },
    {
      "enabled": true,
      "continueOnError": false,
      "alwaysRun": false,
      "displayName": "Test",
      "timeoutInMinutes": 0,
      "task": {
        "id": "5541a522-603c-47ad-91fc-a4b1d163081b",
        "versionSpec": "0.*",
        "definitionType": "task"
      },
      "inputs": {
       "command": "test",
        "publishWebProjects": "true",
        "projects": "**/*Tests/project.json;**/*Tests/*.csproj",
        "arguments": "--configuration $(BuildConfiguration) --logger:trx ",
        "zipAfterPublish": "true"
      }
    },
    {
      "enabled": true,
      "continueOnError": false,
      "alwaysRun": false,
      "displayName": "Publish Test Results",
      "timeoutInMinutes": 0,
      "task": {
        "id": "0b0f01ed-7dde-43ff-9cbb-e48954daf9b1",
        "versionSpec": "1.*",
        "definitionType": "task"
      },
      "inputs": {
        "testRunner": "VSTest",
        "testResultsFiles": "**\\*.trx",
        "mergeTestResults": "false",
        "testRunTitle": "",
        "platform": "",
        "configuration": "",
        "publishRunAttachments": "true"
      }
    },
    {
      "enabled": true,
      "continueOnError": false,
      "alwaysRun": false,
      "displayName": "Run dotnet",
      "timeoutInMinutes": 0,
      "task": {
        "id": "d9bafed4-0b18-4f58-968d-86655b4d2ce9",
        "versionSpec": "1.*",
        "definitionType": "task"
      },
      "inputs": {
         "filename": "dotnet",
        "arguments": "publish -c release \"$(build.sourcesdirectory)\\src\\MyHealth.Web\\MyHealth.Web.csproj\"",
        "workingFolder": "",
        "failOnStandardError": "false"
      }
    },
    {
      "enabled": true,
      "continueOnError": false,
      "alwaysRun": false,
      "displayName": "Zip",
      "timeoutInMinutes": 0,
      "task": {
        "id": "dc66d2f0-a7ba-11e5-ae62-3deab86d85e3",
        "versionSpec": "0.*",
        "definitionType": "task"
      },
      "inputs": {
       "pathToZipFolder": "$(build.sourcesdirectory)\\src\\MyHealth.Web\\bin\\$(BuildConfiguration)\\netcoreapp1.0\\publish",
        "pathToZipFile": "$(Build.SourcesDirectory)\\src\\MyHealth.Web\\bin\\webapp.zip",
        "overwrite": "false"
      }
    },
    {
      "enabled": true,
      "continueOnError": false,
      "alwaysRun": true,
      "displayName": "Publish Artifact",
      "timeoutInMinutes": 0,
      "task": {
        "id": "2ff763a7-ce83-4e1f-bc89-0ae63477cebe",
        "versionSpec": "1.*",
        "definitionType": "task"
      },
      "inputs": {
       "PathtoPublish": "$(Build.SourcesDirectory)\\src\\MyHealth.Web\\bin\\webapp.zip",
        "ArtifactName": "webapp",
        "ArtifactType": "Container",
        "TargetPath": "\\\\my\\share\\$(Build.DefinitionName)\\$(Build.BuildNumber)"
      }
    }
  ],
  "options": [
    {
      "enabled": false,
      "definition": {
        "id": "7c555368-ca64-4199-add6-9ebaf0b0137d"
      },
      "inputs": {
     "multipliers": "[]",
        "parallel": "false",
        "continueOnError": "true",
        "additionalFields": "{}"
      }
    },
    {
      "enabled": false,
      "definition": {
        "id": "a9db38f9-9fdc-478c-b0f9-464221e58316"
      },
      "inputs": {
        "workItemType": "616983",
        "assignToRequestor": "true",
        "additionalFields": "{}"
      }
    },
    {
      "enabled": false,
      "definition": {
        "id": "57578776-4c22-4526-aeb0-86b6da17ee9c"
      },
      "inputs": {
        "parallel": false,
        "continueOnError": false,
        "workItemType": null,
        "assignToRequestor": false,
        "additionalFields": null,
        "multipliers": null
      }
    }
  ],
  "variables": {
    "system.debug": {
      "value": "false",
      "allowOverride": true
    },
    "BuildConfiguration": {
      "value": "release",
      "allowOverride": true
    },
    "BuildPlatform": {
      "value": "any cpu",
      "allowOverride": true
    }
  },
  "retentionRules": [
    {
      "branches": [
        "+refs/heads/*"
      ],
      "artifacts": [],
      "artifactTypesToDelete": [
        "FilePath",
        "SymbolStore"
      ],
      "daysToKeep": 10,
      "minimumToKeep": 1,
      "deleteBuildRecord": true,
      "deleteTestResults": true
    }
  ],
  "buildNumberFormat": "$(date:yyyyMMdd)$(rev:.r)",
  "jobAuthorizationScope": "projectCollection",
  "jobTimeoutInMinutes": 60,
  "repository": {
    "properties": {
      "labelSources": "0",
      "reportBuildStatus": "true"
    },
    "id": "$MyHealthClinic$",
    "type": "TfsGit",
    "name": "MyHealthClinic",
    "url": "",
    "defaultBranch": "refs/heads/master",
    "clean": "false",
    "checkoutSubmodules": false
  },
  "quality": "definition",
  "defaultBranch": null
}